序号,法语词条,原书页码
1,"à la dernière minute, au dernier moment",235
2,à peine,235
3,à quoi bon,235
4,abonnement,235
5,abonner (s'—),235
6,accepter,235
7,accepter de,235
8,accès,235
9,accueil,235
10,accueillir,235
11,achat,235
12,faire des achats,235
13,actif(ve),235
14,population active,235
15,actualite,235
16,actuellement,235
17,adapté(e),235
18,adapter(s') à,235
19,ado,235
20,adolescence,235
21,adulte,235
22,affirmation,235
23,âgé(e),235
24,agir(s') de,235
25,agrandir,235
26,agriculteur(trice),235
27,EEE EE,235
28,aide,235
29,à l aide de,235
30,avec l'aide de,235
31,aider,235
32,ailleurs,235
33,d ailleurs,235
34,Airbus,235
35,Aix-en-Provence,235
36,album,235
37,Alger,235
38,alimentation,235
39,Allemagne,235
40,allemand,235
41,allemande,235
42,aller (à),235
43,américain(e),235
44,ancien(ne),235
45,anniversaire,235
46,anglaisle),235
47,Angleterre,235
48,animateur(trice),235
49,anniversaire,235
50,apparaître,235
51,appartenance,235
52,appétit,235
53,apprendre à,235
54,ardent(e),235
55,arrêté,235
56,arrêter(s,235
57,arriver,236
58,arrondissement,236
59,association,236
60,associer,236
61,associer à,236
62,attente,236
63,attirer,236
64,augmenter,236
65,au moins,236
66,auteur,236
67,automne,236
68,automobiliste,236
69,autorisation,236
70,autoriser,236
71,autoriser qn à faire qch.,236
72,autre,236
73,les autres,236
74,autrefois,236
75,avant,236
76,aventure,236
77,Avignon,236
78,avis,236
79,avoir lieu,236
80,baisser,236
81,banal(e),236
82,bande-annonce,236
83,banlieue,236
84,bavard(e),236
85,beaux(-)arts,236
86,Belleville,236
87,besoin,236
88,avoir besoin de,236
89,Biarritz,236
90,bibliothèque,236
91,bicyclette,236
92,bien,236
93,bientôt,236
94,bistro(t),236
95,bizarre,236
96,blog,236
97,bonheur,236
98,Bouger,236
99,brésilien(ne),236
100,britannique,236
101,bronzé(e),236
102,bronzer,236
103,bruit,236
104,brûler,236
105,bureau,236
106,but,236
107,clocher,236
108,cadre,236
109,cadre de vie,236
110,calmer,236
111,candidature,236
112,cance,236
113,capitale,236
114,cas,236
115,caravane,236
116,carrefour,236
117,carrière,236
118,carte,236
119,à la carte,237
120,cas,237
121,cause,237
122,à cause de,237
123,célibataire,237
124,centre-ville,237
125,certain(e),237
126,ces dernières années,237
127,chacun,237
128,chaîne,237
129,Chambéry,237
130,changer (de),237
131,chanteur(euse),237
132,Charente-Maritime(la),237
133,chercher,237
134,chercher à,237
135,Chicago,237
136,chimie,237
137,choc,237
138,choix,237
139,chômage,237
140,chômeur(sel,237
141,choquer,237
142,cigarette,237
143,circuit,237
144,circuit touristique,237
145,citadinie),237
146,cité,237
147,citer,237
148,classique,237
149,climat,237
150,cliquer,237
151,clocher,237
152,clocher,237
153,code,237
154,code du travail,237
155,collège,237
156,comité,237
157,comme si,237
158,commentaire,237
159,commercial(e),237
160,commune,237
161,commune,237
162,communiquer,237
163,comparer,237
164,compartiment,237
165,compétition,237
166,complêter,237
167,comportement,237
168,compter,237
169,concentré(e),237
170,concert,237
171,concrètement,237
172,concurrence,237
173,concurrent(e),237
174,condition,237
175,conducteur(trice),237
176,conformité,237
177,en conformité avec,237
178,confort,237
179,confortable,237
180,congé,237
181,conseiller,237
182,conséquence,237
183,consommation,237
184,consommer,238
185,continu(e),238
186,contrairement,238
187,contrairement À,238
188,contrôler,238
189,convivialité,238
190,cool,238
191,Coréen(ne),238
192,correctement,238
193,coucher(se),238
194,courrier,238
195,couverture,238
196,créateur(trice),238
197,création,238
198,créer,238
199,Creuse(la),238
200,crise,238
201,cubain(e),238
202,cuisinier(ère),238
203,cultiver(se),238
204,culture,238
205,CV,238
206,cybercafé,238
207,cyclable,238
208,dangereux(se),238
209,date,238
210,de,238
211,"d'un côté..., de l'autre...",238
212,décès,238
213,décider (de,238
214,décision,238
215,décontracté(e),238
216,découverte,238
217,découvrir,238
218,décrocher,238
219,défavorisé(e),238
220,défilé,238
221,défilé de haute couture,238
222,demain,238
223,demander(se),238
224,déménager,238
225,demi-heure,238
226,de moins en moins (de),238
227,dentiste,238
228,dépenser,238
229,déplacer(sel,238
230,déposer,238
231,déprimer,238
232,depuis,238
233,désir,238
234,dessin,238
235,destination,238
236,destiner,238
237,détendre,238
238,développer,238
239,se développe,238
240,devoir,238
241,dialoguer,238
242,différemment,238
243,différence,239
244,différent(e),239
245,diplôme,239
246,direct,239
247,émission en direct,239
248,directement,239
249,discussion,239
250,discuter,239
251,disparaître,239
252,disparition,239
253,disponible,239
254,disposition,239
255,divorcé(e),239
256,dommage,239
257,don,239
258,doubler,239
259,droite,239
260,drôle,239
261,Dublin,239
262,économie,239
263,écran,239
264,édition,239
265,éducatif(ve),239
266,éducation,239
267,éduquer,239
268,"égal(e), égaux, = égales",239
269,également,239
270,électeur(trice),239
271,élection,239
272,électoral(e),239
273,élégant(e),239
274,élève,239
275,élevé(e),239
276,élever,239
277,émission,239
278,emmener,239
279,émotion,239
280,empêcher,239
281,empêcher qn de faire qch,239
282,s'empêcher,239
283,ne pas s'empêcher de faire qch,239
284,emploi,239
285,employé(e),239
286,en,239
287,en attendant,239
288,en bas de,239
289,en ce moment,239
290,en même temps,239
291,en tout / tous cas,239
292,encore,239
293,endroit,239
294,énervé(e),239
295,énerver,239
296,ennuyer,239
297,ennuyeux(euse),239
298,enregistrer,239
299,entraîner,239
300,entraîneur(se),239
301,entretien,239
302,environ,239
303,environnement,240
304,envoyer,240
305,Équateur,240
306,équipe.,240
307,équivalent,240
308,Essonne(la),240
309,États-Unis,240
310,éteindre,240
311,étude,240
312,européen(ne),240
313,Européen(ne),240
314,Eurostar,240
315,éveiller(s,240
316,événement,240
317,événement heureux,240
318,évident(e),240
319,éviter de,240
320,évoquer,240
321,examen,240
322,excessif(ve),240
323,exemplaire,240
324,exemple,240
325,par exemple,240
326,exercice,240
327,exotique,240
328,explication,240
329,expliquer,240
330,exprimer,240
331,s'exprimer,240
332,extrêmement,240
333,face,240
334,face à,240
335,facilement,240
336,façon,240
337,faire des ménages,240
338,fait,240
339,en fait,240
340,familial(e),240
341,fantastique,240
342,fast-food,240
343,fatigant(e),240
344,féculent(e),240
345,féminin(e),240
346,femme de ménage,240
347,ferme,240
348,fermer,240
349,fête,240
350,en fête,240
351,fiche,240
352,fictif(ve),240
353,file,240
354,file d'attente,240
355,financier(ère),240
356,financièrement,240
357,Florence,240
358,fort(e),240
359,fou (folle),240
360,fréquenté(e),240
361,fréquenter,241
362,fumer,241
363,fumeur(se),241
364,futur(e),241
365,futur,241
366,gagner,241
367,garage,241
368,garder,241
369,gastronomie,241
370,gauche,241
371,Genève,241
372,génial(e),241
373,gentil(le),241
374,gouvernement,241
375,grâce à,241
376,grandte),241
377,gras(se),241
378,gros(se),241
379,groupe,241
380,Guernesey,241
381,habitant(e),241
382,Haute-Savoie(la),241
383,hebdo(madaire),241
384,histoire,241
385,hiver,241
386,hôpital,241
387,humour,241
388,identité,241
389,illuminer(s'),241
390,illustrer,241
391,image,241
392,immédiat(e),241
393,important(e),241
394,impression,241
395,avoir l'impression de que,241
396,inciter,241
397,indifférence,241
398,indiquer,241
399,inédit(e),241
400,infirmier(ère),241
401,influence,241
402,avoir une influence sur,241
403,information,241
404,informatique,241
405,informer(s,241
406,inscription,241
407,inscrire(s'),241
408,inscrit(e),241
409,installer(s,241
410,instituteur(trice),241
411,intéressant(e),241
412,intéresser,241
413,s'intéresser,241
414,intérieur,241
415,internaute,241
416,interroger,241
417,interviewer,241
418,intituler,242
419,inutile,242
420,jamais,242
421,Jazz,242
422,jeu,242
423,jeune,242
424,jeunesse,242
425,job,242
426,jouer,242
427,journal( journaux),242
428,journal télévisé,242
429,joyeux(se),242
430,Joyeux Noël !,242
431,Joyeux anniversaire !,242
432,Jungle,242
433,juste,242
434,kiosque,242
435,kiosque (à journaux),242
436,kit,242
437,laisser,242
438,laitier(ère),242
439,lecteur A,242
440,lecteur MP3,242
441,lecteur(trice),242
442,liberté,242
443,fibre,242
444,libre-service,242
445,licence,242
446,licencier,242
447,lieue,242
448,limiter,242
449,lister,242
450,locataire,242
451,location,242
452,logement,242
453,loi,242
454,loisir,242
455,loyer,242
456,Lozère(la),242
457,lumière,242
458,luminosité,242
459,lycée,242
460,lycéen(ne),242
461,Lyon,242
462,main,242
463,main libre,242
464,mairie,242
465,maître(sse),242
466,maîtrise,242
467,majeur(e),242
468,maladie,242
469,mamie,242
470,manière,242
471,manifestation,242
472,manifeste,242
473,manque,242
474,manquer,242
475,marathon,242
476,marche,242
477,marcher,242
478,marié(e),243
479,masculin(e),243
480,math(s),243
481,matière,243
482,matières grasses,243
483,maximal(e),243
484,mécanicien(ne),243
485,méchant(e),243
486,médecine,243
487,médias,243
488,Méditerranée(la),243
489,mémoire,243
490,de mémoire,243
491,mentalité,243
492,merveilleux(se),243
493,message,243
494,messagerie,243
495,métier,243
496,mettre,243
497,Mexico,243
498,Mexique,243
499,millier,243
500,million,243
501,mi-temps,243
502,à mi-temps,243
503,mode,243
504,à la mode,243
505,mode,243
506,moitié,243
507,mondial(e),243
508,Montmartre,243
509,Montpellier,243
510,montrer,243
511,monument,243
512,moral,243
513,moral(e),243
514,Moscou,243
515,moyen,243
516,moyens de transport,243
517,musique soul,243
518,naissance,243
519,naître (né),243
520,Nantes,243
521,navigateur(trice),243
522,nécessaire,243
523,négatif(ve),243
524,neige,243
525,nombreux(se),243
526,normal(e),243
527,note,243
528,noter,243
529,nourrice,243
530,nul(le),243
531,numéro,243
532,numéro un,243
533,nutrition,243
534,ï,243
535,objectif,243
536,obligation,243
537,obligatoire,244
538,s'occuper(s') de,244
539,offrir(s'),244
540,oncle,244
541,opération,244
542,or,244
543,en or,244
544,organiser,244
545,origine,244
546,oublier,244
547,oublier de faire qch,244
548,ouverture,244
549,ouvrier(ère),244
550,P(-)S(-),244
551,Pacifique(le),244
552,par,244
553,par tous les temps,244
554,paraître,244
555,pareil(le),244
556,parmi,244
557,partage,244
558,Parthénon(le),244
559,participant(e),244
560,participer (à),244
561,particularité,244
562,partie,244
563,faire partie de,244
564,partiel(le),244
565,à temps partiel,244
566,partout,244
567,parution,244
568,passage,244
569,passer,244
570,passion,244
571,passionnant(e),244
572,passionné(e),244
573,Pau,244
574,pauvre,244
575,pauvreté,244
576,payer,244
577,Pays-Bas,244
578,pêcher,244
579,penser (à),244
580,perdre,244
581,période,244
582,permettre,244
583,permettre à qn de,244
584,permettre qch. à qn,244
585,Pérou,244
586,personnage,244
587,personnalité,244
588,personne,244
589,personnel(le),244
590,petit(e),244
591,peur,245
592,avoir peur (de+,245
593,pfft,245
594,photographe,245
595,physique,245
596,piercing,245
597,pique-nique,245
598,Pise,245
599,piste,245
600,piste cyclable,245
601,plaire (à),245
602,plaisir,245
603,faire plaisir à qn,245
604,planète,245
605,playstation,245
606,plein(e),245
607,plein de (+),245
608,plus,245
609,de plus en plus (de),245
610,plus de,245
611,plus ou moins,245
612,poche,245
613,poésie,245
614,poids,245
615,point,245
616,politique,245
617,polluant(e),245
618,Pontivy,245
619,population,245
620,portable,245
621,portrait,245
622,positif(ve),245
623,possibilité,245
624,poste,245
625,pour le moment,245
626,pourtant,245
627,pratiquer,245
628,préciser,245
629,préfectoral(e),245
630,première,245
631,prendre,245
632,prendre des décisions,245
633,prendre du poids,245
634,prendre un rendez-vous,245
635,préoccupation,245
636,présent(e),245
637,présentation,245
638,président,245
639,presque,245
640,presse,245
641,magazine / presse peaple,245
642,prêt(e),245
643,"principal(e), principaux",245
644,principalement,245
645,principe,245
646,printemps,245
647,priorité,245
648,prix,245
649,probablement,246
650,prochainement,246
651,proche.,246
652,produit,246
653,professionnel(le),246
654,profiter(de),246
655,programme,246
656,prolongé(e),246
657,promotion,246
658,proposer,246
659,proposes... à qn,246
660,proposer de faire qch. à qn,246
661,proposition,246
662,propriétaire,246
663,prose,246
664,publier,246
665,Pyrenéestles),246
666,Québec,246
667,question,246
668,question de,246
669,quitter(se),246
670,quotidien(ne),246
671,au quotidien,246
672,raccrocher,246
673,racisme,246
674,raison,246
675,rallumer,246
676,rap,246
677,rapide,246
678,rapidement,246
679,rappeler,246
680,rappeler... à gn,246
681,rappeler à qn que.,246
682,rapport,246
683,rarement,246
684,réaction,246
685,réagir,246
686,réaliser,246
687,réapparaître,246
688,recevoir,246
689,recherche,246
690,rechercher,246
691,récit,246
692,reconnaître,246
693,redonner,246
694,redoublement,246
695,réduction,246
696,réduire,246
697,réellement,246
698,refuser,246
699,refuser de,246
700,regard,246
701,région,246
702,règle,246
703,regrouper,246
704,requin(ère),246
705,régulièrement,247
706,réinscrire(se),247
707,religieux(se),247
708,religion,247
709,remarquer,247
710,remplir,247
711,Renault,247
712,rencontre,247
713,rendre,247
714,repère,247
715,réponse,247
716,représenter,247
717,résolution,247
718,respecter,247
719,respirer,247
720,responsabilité,247
721,ressembler(se),247
722,rester,247
723,il reste.,247
724,résultat,247
725,retenir,247
726,retourner,247
727,retrouver(se),247
728,réunir(se),247
729,réussite,247
730,réussir,247
731,réussite,247
732,rêve,247
733,rêver (de qch/ de faire qch.),247
734,revenir,247
735,revue,247
736,riche,247
737,ridicule,247
738,rien,247
739,rire,247
740,risque,247
741,RnB,247
742,rôle,247
743,roman,247
744,Rome,247
745,rose,247
746,routier(ère),247
747,salaire,247
748,salsa,247
749,San Francisco,247
750,sans,247
751,santé,247
752,satisfait(e),247
753,Savoie(la),247
754,science-fiction,247
755,sciences,247
756,seconde,247
757,sécurité,247
758,(la) Sécurité routière,247
759,séjour,247
760,sel,247
761,selon,247
762,semblable,247
763,séminaire,247
764,5 en sortir,248
765,sentiment,248
766,sérieux(se),248
767,servir,248
768,(+à),248
769,seul,248
770,Séville,248
771,short,248
772,simple,248
773,sincère,248
774,site,248
775,situation,248
776,situé(e),248
777,ski,248
778,slogan,248
779,soi,248
780,solidarité,248
781,solitude,248
782,solution,248
783,souhaiter,248
784,se souhaiter,248
785,spatial(e),248
786,spécialement,248
787,spécialisé(e),248
788,spectacle,248
789,stage,248
790,star,248
791,station,248
792,studio,248
793,«Stuttgart,248
794,Succès,248
795,Suède,248
796,suffisant(e),248
797,- SUtvant(e),248
798,suivre,248
799,faire suivre,248
800,sujet,248
801,supplémentaire,248
802,surf,248
803,surfer,248
804,surfeur(se),248
805,surprenant(e!,248
806,surpris(e),248
807,surprise,248
808,surtout,248
809,symboliser,248
810,système,248
811,tabac,248
812,bureau de tabac,248
813,taille,248
814,tante,248
815,tatouage,248
816,télécharger,248
817,temple,248
818,terminus,248
819,Thaï(s),248
820,thème,248
821,timide,249
822,titre,249
823,Tokyo,249
824,tolérantiel,249
825,tomber,249
826,tomber amouraux(se) (de),249
827,Toronto,249
828,Toulouse,249
829,tour,249
830,tour à tour,249
831,touriste,249
832,traditionnel(le),249
833,tramway,249
834,transports,249
835,transports en commun,249
836,transsibérien,249
837,travailleur(se),249
838,triste,249
839,trop (de)- pour +,249
840,trouver(se),249
841,truc,249
842,tout,249
843,tutorat,249
844,univers,249
845,universitaire,249
846,université,249
847,utile,249
848,utilisation,249
849,UV,249
850,vaque,249
851,Valenciennes,249
852,valeur,249
853,vaut,249
854,il vaut mieux que,249
855,vendeur(se),249
856,vendu(e),249
857,Venise,249
858,vente,249
859,verre,249
860,version,249
861,vestimentaire,249
862,vétérinaire,249
863,vidéo,249
864,vie,249
865,visite,249
866,voire,249
867,volant,249
868,au volant,249
869,volonté,249
870,à volonté,249
871,vote,249
872,bureau de vote,249
873,voter,249
874,hors,249
875,webcam,249
876,yé-yé,249