word,pos,assigned_cefr,level_source,assigned_level_frequency,total_frequency,crf_A1,crf_A2,crf_B1,crf_B2,crf_C1,crf_C2,crf_total,beacco_A1,beacco_A2,beacco_B1,beacco_B2,beacco_C1,beacco_C2,beacco_total,beacco_level,match_method,crf_word,crf_pos,beacco_word,beacco_pos
manifeste,ADJ,C2,beacco,117.0576,2.5619,0.0,0.0,1.0854,0.0,0.0,117.0576,2.5619,0.0,0.0,0.0,0.0,0.0,19.328,0.1431,C2,word_pos,manifeste,A,manifeste,ADJ
tétrapode,NOUN,C2,beacco,115.473,0.2809,0.0,0.0,0.0,0.0,0.0,115.473,0.2809,0.0,0.0,0.0,0.0,0.0,57.984,0.4293,C2,word_pos,tétrapode,N,tétrapode,NOM
nageoire,NOUN,C2,beacco,105.8503,0.2575,0.0,0.0,0.0,0.0,0.0,105.8503,0.2575,0.0,0.0,0.0,0.0,0.0,57.984,0.4293,C2,word_pos,nageoire,N,nageoire,NOM
percée,NOUN,C2,beacco,101.5791,1.1691,0.0,0.0,0.0,0.0,0.0,101.5791,1.1691,0.0,0.0,0.0,0.0,0.0,19.328,0.1431,C2,word_pos,percée,N,percée,NOM
éclatement,NOUN,C2,beacco,96.2275,1.9214,0.0,0.0,0.0,0.0,6.4168,96.2275,1.9214,0.0,0.0,0.0,0.0,0.0,19.328,0.1431,C2,word_pos,éclatement,N,éclatement,NOM
arabo - musulman,ADJ,C2,crf_first_attested,96.2275,0.2341,0.0,0.0,0.0,0.0,0.0,96.2275,0.2341,,,,,,,,,crf_only,arabo - musulman,A,,
sexiste,ADJ,C2,beacco,90.913,0.2212,0.0,0.0,0.0,0.0,0.0,90.913,0.2212,0.0,0.0,0.0,0.0,0.0,38.4989,0.2926,C2,word_pos,sexiste,A,sexiste,ADJ
mw,NOUN,C2,crf_first_attested,77.9255,0.1896,0.0,0.0,0.0,0.0,0.0,77.9255,0.1896,,,,,,,,,crf_only,mw,N,,
éolien,NOUN,C2,crf_first_attested,77.9255,0.1896,0.0,0.0,0.0,0.0,0.0,77.9255,0.1896,,,,,,,,,crf_only,éolien,N,,
préau,NOUN,C2,beacco,76.982,1.7703,0.0,0.0,0.0,0.0,6.4168,76.982,1.7703,0.0,0.0,0.0,0.0,0.0,38.656,0.2862,C2,word_pos,préau,N,préau,NOM
branchie,NOUN,C2,beacco,76.982,0.1873,0.0,0.0,0.0,0.0,0.0,76.982,0.1873,0.0,0.0,0.0,0.0,0.0,38.656,0.2862,C2,word_pos,branchie,N,branchie,NOM
médiatique,NOUN,C2,crf_first_attested,76.982,0.1873,0.0,0.0,0.0,0.0,0.0,76.982,0.1873,,,,,,,,,crf_only,médiatique,N,,
opercule,NOUN,C2,beacco,76.982,0.1873,0.0,0.0,0.0,0.0,0.0,76.982,0.1873,0.0,0.0,0.0,0.0,0.0,38.656,0.2862,C2,word_pos,opercule,N,opercule,NOM
antenne - relais,NOUN,C2,crf_first_attested,68.1256,0.7527,0.0,0.0,0.0,0.0,0.0,68.1256,0.7527,,,,,,,,,crf_only,antenne - relais,N,,
étale,ADJ,C2,crf_first_attested,68.1256,0.7527,0.0,0.0,0.0,0.0,0.0,68.1256,0.7527,,,,,,,,,crf_only,étale,A,,
colonisé,ADJ,C2,crf_first_attested,67.3593,0.1639,0.0,0.0,0.0,0.0,0.0,67.3593,0.1639,,,,,,,,,crf_only,colonisé,A,,
concurremment,ADV,C2,beacco,67.3593,0.1639,0.0,0.0,0.0,0.0,0.0,67.3593,0.1639,0.0,0.0,0.0,0.0,0.0,19.328,0.1431,C2,word_pos,concurremment,ADV,concurremment,ADV
département d' outre - mer,NOUN,C2,crf_first_attested,67.3593,0.1639,0.0,0.0,0.0,0.0,0.0,67.3593,0.1639,,,,,,,,,crf_only,département d' outre - mer,N,,
oxydatif,ADJ,C2,crf_first_attested,67.3593,0.1639,0.0,0.0,0.0,0.0,0.0,67.3593,0.1639,,,,,,,,,crf_only,oxydatif,A,,
selon que,CONJ,C2,crf_first_attested,67.3593,0.1639,0.0,0.0,0.0,0.0,0.0,67.3593,0.1639,,,,,,,,,crf_only,selon que,CONJS,,
pulmonaire,ADJ,C2,beacco,64.9379,0.158,0.0,0.0,0.0,0.0,0.0,64.9379,0.158,0.0,0.0,0.0,0.0,0.0,25.6659,0.1951,C2,word_pos,pulmonaire,A,pulmonaire,ADJ
cardiovasculaire,ADJ,C2,crf_first_attested,64.3237,0.5687,0.0,0.0,0.0,0.0,0.0,64.3237,0.5687,,,,,,,,,crf_only,cardiovasculaire,A,,
décisionnel,ADJ,C2,beacco,58.4441,0.1422,0.0,0.0,0.0,0.0,0.0,58.4441,0.1422,0.0,0.0,0.0,0.0,0.0,38.4989,0.2926,C2,word_pos,décisionnel,A,décisionnel,ADJ
peul,ADJ,C2,beacco,57.7365,1.4964,0.0,0.6342,0.0,0.0,0.0,57.7365,1.4964,0.0,0.0,0.0,0.0,0.0,19.328,0.1431,C2,word_pos,peul,A,peul,ADJ
colonisé,NOUN,C2,crf_first_attested,57.7365,0.1404,0.0,0.0,0.0,0.0,0.0,57.7365,0.1404,,,,,,,,,crf_only,colonisé,N,,
corticoïde,NOUN,C2,crf_first_attested,57.7365,0.1404,0.0,0.0,0.0,0.0,0.0,57.7365,0.1404,,,,,,,,,crf_only,corticoïde,N,,
diglossie,NOUN,C2,beacco,57.7365,0.1404,0.0,0.0,0.0,0.0,0.0,57.7365,0.1404,0.0,0.0,0.0,0.0,0.0,19.328,0.1431,C2,word_pos,diglossie,N,diglossie,NOM
dégeler,VERB,C2,beacco,57.7365,0.1404,0.0,0.0,0.0,0.0,0.0,57.7365,0.1404,0.0,0.0,0.0,0.0,0.0,19.328,0.1431,C2,word_pos,dégeler,V,dégeler,VER
dévonien,NOUN,C2,beacco,57.7365,0.1404,0.0,0.0,0.0,0.0,0.0,57.7365,0.1404,0.0,0.0,0.0,0.0,0.0,38.656,0.2862,C2,word_pos,dévonien,N,dévonien,NOM
exception faite de,PREP,C2,crf_first_attested,57.7365,0.1404,0.0,0.0,0.0,0.0,0.0,57.7365,0.1404,,,,,,,,,crf_only,exception faite de,PREP,,
lexicographe,NOUN,C2,crf_first_attested,57.7365,0.1404,0.0,0.0,0.0,0.0,0.0,57.7365,0.1404,,,,,,,,,crf_only,lexicographe,N,,
régénérer,VERB,C2,beacco,57.7365,0.1404,0.0,0.0,0.0,0.0,0.0,57.7365,0.1404,0.0,0.0,0.0,0.0,0.0,19.328,0.1431,C2,word_pos,régénérer,V,régénérer,VER
élargissement,NOUN,C2,beacco,57.7365,0.1404,0.0,0.0,0.0,0.0,0.0,57.7365,0.1404,0.0,0.0,0.0,0.0,0.0,19.328,0.1431,C2,word_pos,élargissement,N,élargissement,NOM
galvaniser,VERB,C2,beacco,51.9503,0.1264,0.0,0.0,0.0,0.0,0.0,51.9503,0.1264,0.0,0.0,0.0,0.0,0.0,25.6659,0.1951,C2,word_pos,galvaniser,V,galvaniser,VER
chypré,ADJ,C2,crf_first_attested,49.3801,0.8471,0.0,0.0,0.0,0.0,0.0,49.3801,0.8471,,,,,,,,,crf_only,chypré,A,,
développé,ADJ,C2,beacco,48.1138,6.7705,0.0,0.2527,0.7236,10.1252,18.7334,48.1138,6.7705,0.0,0.4664,0.0,0.0,0.0,0.0,0.0338,C2,unique_word,développé,A,développé,NOM
libéré,ADJ,C2,beacco,48.1138,3.2647,0.0,0.0,0.0,0.0,39.2268,48.1138,3.2647,0.0,0.0,0.4317,0.0,0.0,0.0,0.0401,C2,word_pos,libéré,A,libéré,ADJ
allocution,NOUN,C2,beacco,48.1138,1.4881,0.0,0.0,0.0,0.0,6.4168,48.1138,1.4881,0.0,0.0,0.0,0.0,0.0,19.328,0.1431,C2,word_pos,allocution,N,allocution,NOM
concomitamment,ADV,C2,beacco,48.1138,1.4881,0.0,0.0,0.0,0.0,6.4168,48.1138,1.4881,0.0,0.0,0.0,0.0,0.0,19.328,0.1431,C2,word_pos,concomitamment,ADV,concomitamment,ADV
démotique,ADJ,C2,beacco,48.1138,1.4881,0.0,0.0,0.0,0.0,6.4168,48.1138,1.4881,0.0,0.0,0.0,0.0,0.0,19.328,0.1431,C2,word_pos,démotique,A,démotique,ADJ
otage,NOUN,C2,beacco,48.1138,1.4881,0.0,0.0,0.0,0.0,6.4168,48.1138,1.4881,0.0,0.0,0.0,0.0,0.0,19.328,0.1431,C2,word_pos,otage,N,otage,NOM
prédominance,NOUN,C2,beacco,48.1138,1.4881,0.0,0.0,0.0,0.0,6.4168,48.1138,1.4881,0.0,0.0,0.0,0.0,0.0,19.328,0.1431,C2,word_pos,prédominance,N,prédominance,NOM
rhétorique,NOUN,C2,beacco,48.1138,1.4881,0.0,0.0,0.0,0.0,6.4168,48.1138,1.4881,0.0,0.0,0.0,0.0,0.0,19.328,0.1431,C2,word_pos,rhétorique,N,rhétorique,NOM
spin,NOUN,C2,beacco,48.1138,1.4881,0.0,0.0,0.0,0.0,6.4168,48.1138,1.4881,0.0,0.0,0.0,0.0,0.0,19.328,0.1431,C2,word_pos,spin,N,spin,NOM
prétendu,ADJ,C2,beacco,48.1138,1.0944,0.0,0.0,0.4152,0.0,0.0,48.1138,1.0944,0.0,0.0,0.0,0.0,0.0,38.656,0.2862,C2,word_pos,prétendu,A,prétendu,ADJ
salariat,NOUN,C2,beacco,48.1138,0.117,0.0,0.0,0.0,0.0,0.0,48.1138,0.117,0.0,0.0,0.0,0.0,0.0,38.656,0.2862,C2,word_pos,salariat,N,salariat,NOM
arriba,X,C2,crf_first_attested,45.4565,0.1106,0.0,0.0,0.0,0.0,0.0,45.4565,0.1106,,,,,,,,,crf_only,arriba,X,,
contre - indication,NOUN,C2,crf_first_attested,45.4565,0.1106,0.0,0.0,0.0,0.0,0.0,45.4565,0.1106,,,,,,,,,crf_only,contre - indication,N,,
haltère,NOUN,C2,beacco,45.4565,0.1106,0.0,0.0,0.0,0.0,0.0,45.4565,0.1106,0.0,0.0,0.0,0.0,0.0,12.833,0.0975,C2,word_pos,haltère,N,haltère,NOM
haltérophilie,NOUN,C2,beacco,45.4565,0.1106,0.0,0.0,0.0,0.0,0.0,45.4565,0.1106,0.0,0.0,0.0,0.0,0.0,12.833,0.0975,C2,word_pos,haltérophilie,N,haltérophilie,NOM
hyperspécialisation,NOUN,C2,crf_first_attested,45.4565,0.1106,0.0,0.0,0.0,0.0,0.0,45.4565,0.1106,,,,,,,,,crf_only,hyperspécialisation,N,,
persévérer,VERB,C2,beacco,45.4565,0.1106,0.0,0.0,0.0,0.0,0.0,45.4565,0.1106,0.0,0.0,0.0,0.0,0.0,12.833,0.0975,C2,word_pos,persévérer,V,persévérer,VER
pulsation,NOUN,C2,beacco,45.4565,0.1106,0.0,0.0,0.0,0.0,0.0,45.4565,0.1106,0.0,0.0,0.0,0.0,0.0,12.833,0.0975,C2,word_pos,pulsation,N,pulsation,NOM
pulsion,NOUN,C2,beacco,45.4565,0.1106,0.0,0.0,0.0,0.0,0.0,45.4565,0.1106,0.0,0.0,0.0,0.0,0.0,12.833,0.0975,C2,word_pos,pulsion,N,pulsion,NOM
raffermissement,NOUN,C2,beacco,45.4565,0.1106,0.0,0.0,0.0,0.0,0.0,45.4565,0.1106,0.0,0.0,0.0,0.0,0.0,12.833,0.0975,C2,word_pos,raffermissement,N,raffermissement,NOM
bénin,ADJ,C2,crf_first_attested,43.6102,0.4967,0.0,0.0,0.0,0.0,0.0,43.6102,0.4967,,,,,,,,,crf_only,bénin,A,,
d' où,CONJ,C2,crf_first_attested,43.6102,0.4967,0.0,0.0,0.0,0.0,0.0,43.6102,0.4967,,,,,,,,,crf_only,d' où,CONJS,,
obérer,VERB,C2,beacco,43.6102,0.4967,0.0,0.0,0.0,0.0,0.0,43.6102,0.4967,0.0,0.0,0.0,0.0,0.0,12.833,0.0975,C2,word_pos,obérer,V,obérer,VER
annuellement,ADV,C2,beacco,39.0461,0.3758,0.0,0.0,0.0,0.0,0.0,39.0461,0.3758,0.0,0.0,0.0,0.0,0.0,4.0185,0.0657,C2,word_pos,annuellement,ADV,annuellement,ADV
enorgueillir,VERB,C2,beacco,39.0461,0.3758,0.0,0.0,0.0,0.0,0.0,39.0461,0.3758,0.0,0.0,0.0,0.0,0.0,4.0185,0.0657,C2,word_pos,enorgueillir,V,enorgueillir,VER
inchangé,ADJ,C2,beacco,39.0461,0.3758,0.0,0.0,0.0,0.0,0.0,39.0461,0.3758,0.0,0.0,0.0,0.0,0.0,4.0185,0.0657,C2,word_pos,inchangé,A,inchangé,ADJ
révèlera,VERB,C2,crf_first_attested,39.0461,0.3758,0.0,0.0,0.0,0.0,0.0,39.0461,0.3758,,,,,,,,,crf_only,révèlera,V,,
divergence,NOUN,C2,beacco,38.9627,0.0948,0.0,0.0,0.0,0.0,0.0,38.9627,0.0948,0.0,0.0,0.0,0.0,0.0,51.3319,0.3902,C2,word_pos,divergence,N,divergence,NOM
corticoïdes,NOUN,C2,beacco,38.656,0.2862,,,,,,,,0.0,0.0,0.0,0.0,0.0,38.656,0.2862,C2,beacco_only,,,corticoïdes,NOM
anglosaxophone,NOUN,C2,crf_first_attested,38.491,0.0936,0.0,0.0,0.0,0.0,0.0,38.491,0.0936,,,,,,,,,crf_only,anglosaxophone,N,,
assidu,ADJ,C2,beacco,38.491,0.0936,0.0,0.0,0.0,0.0,0.0,38.491,0.0936,0.0,0.0,0.0,0.0,0.0,38.656,0.2862,C2,word_pos,assidu,A,assidu,ADJ
avant - bras,ADV,C2,crf_first_attested,38.491,0.0936,0.0,0.0,0.0,0.0,0.0,38.491,0.0936,,,,,,,,,crf_only,avant - bras,ADV,,
bayou,NOUN,C2,beacco,38.491,0.0936,0.0,0.0,0.0,0.0,0.0,38.491,0.0936,0.0,0.0,0.0,0.0,0.0,19.328,0.1431,C2,word_pos,bayou,N,bayou,NOM
colonialisme,NOUN,C2,beacco,38.491,0.0936,0.0,0.0,0.0,0.0,0.0,38.491,0.0936,0.0,0.0,0.0,0.0,0.0,19.328,0.1431,C2,word_pos,colonialisme,N,colonialisme,NOM
colonialiste,ADJ,C2,beacco,38.491,0.0936,0.0,0.0,0.0,0.0,0.0,38.491,0.0936,0.0,0.0,0.0,0.0,0.0,19.328,0.1431,C2,word_pos,colonialiste,A,colonialiste,ADJ
conjugalité,NOUN,C2,beacco,38.491,0.0936,0.0,0.0,0.0,0.0,0.0,38.491,0.0936,0.0,0.0,0.0,0.0,0.0,38.656,0.2862,C2,word_pos,conjugalité,N,conjugalité,NOM
cubitus,NOUN,C2,beacco,38.491,0.0936,0.0,0.0,0.0,0.0,0.0,38.491,0.0936,0.0,0.0,0.0,0.0,0.0,19.328,0.1431,C2,word_pos,cubitus,N,cubitus,NOM
dermique,ADJ,C2,beacco,38.491,0.0936,0.0,0.0,0.0,0.0,0.0,38.491,0.0936,0.0,0.0,0.0,0.0,0.0,19.328,0.1431,C2,word_pos,dermique,A,dermique,ADJ
découvreur,NOUN,C2,beacco,38.491,0.0936,0.0,0.0,0.0,0.0,0.0,38.491,0.0936,0.0,0.0,0.0,0.0,0.0,19.328,0.1431,C2,word_pos,découvreur,N,découvreur,NOM
fédérateur,ADJ,C2,beacco,38.491,0.0936,0.0,0.0,0.0,0.0,0.0,38.491,0.0936,0.0,0.0,0.0,0.0,0.0,19.328,0.1431,C2,word_pos,fédérateur,A,fédérateur,ADJ
glucose,NOUN,C2,beacco,38.491,0.0936,0.0,0.0,0.0,0.0,0.0,38.491,0.0936,0.0,0.0,0.0,0.0,0.0,38.656,0.2862,C2,word_pos,glucose,N,glucose,NOM
guarani,NOUN,C2,beacco,38.491,0.0936,0.0,0.0,0.0,0.0,0.0,38.491,0.0936,0.0,0.0,0.0,0.0,0.0,19.328,0.1431,C2,word_pos,guarani,N,guarani,NOM
humérus,NOUN,C2,beacco,38.491,0.0936,0.0,0.0,0.0,0.0,0.0,38.491,0.0936,0.0,0.0,0.0,0.0,0.0,19.328,0.1431,C2,word_pos,humérus,N,humérus,NOM
neuroscientifiques,ADJ,C2,crf_first_attested,38.491,0.0936,0.0,0.0,0.0,0.0,0.0,38.491,0.0936,,,,,,,,,crf_only,neuroscientifiques,A,,
neurostéroïde,NOUN,C2,crf_first_attested,38.491,0.0936,0.0,0.0,0.0,0.0,0.0,38.491,0.0936,,,,,,,,,crf_only,neurostéroïde,N,,
paléontologue,NOUN,C2,beacco,38.491,0.0936,0.0,0.0,0.0,0.0,0.0,38.491,0.0936,0.0,0.0,0.0,0.0,0.0,19.328,0.1431,C2,word_pos,paléontologue,N,paléontologue,NOM
préexister,VERB,C2,beacco,38.491,0.0936,0.0,0.0,0.0,0.0,0.0,38.491,0.0936,0.0,0.0,0.0,0.0,0.0,19.328,0.1431,C2,word_pos,préexister,V,préexister,VER
radius,NOUN,C2,beacco,38.491,0.0936,0.0,0.0,0.0,0.0,0.0,38.491,0.0936,0.0,0.0,0.0,0.0,0.0,19.328,0.1431,C2,word_pos,radius,N,radius,NOM
reclure,VERB,C2,beacco,38.491,0.0936,0.0,0.0,0.0,0.0,0.0,38.491,0.0936,0.0,0.0,0.0,0.0,0.0,19.328,0.1431,C2,word_pos,reclure,V,reclure,VER
rhétorique,ADJ,C2,beacco,38.491,0.0936,0.0,0.0,0.0,0.0,0.0,38.491,0.0936,0.0,0.0,0.0,0.0,0.0,38.656,0.2862,C2,word_pos,rhétorique,A,rhétorique,ADJ
télé - réalité,NOUN,C2,crf_first_attested,38.491,0.0936,0.0,0.0,0.0,0.0,0.0,38.491,0.0936,,,,,,,,,crf_only,télé - réalité,N,,
vaseux,ADJ,C2,beacco,38.491,0.0936,0.0,0.0,0.0,0.0,0.0,38.491,0.0936,0.0,0.0,0.0,0.0,0.0,19.328,0.1431,C2,word_pos,vaseux,A,vaseux,ADJ
vertébré,ADJ,C2,beacco,38.491,0.0936,0.0,0.0,0.0,0.0,0.0,38.491,0.0936,0.0,0.0,0.0,0.0,0.0,19.328,0.1431,C2,word_pos,vertébré,A,vertébré,ADJ
équateur,NOUN,C2,beacco,38.491,0.0936,0.0,0.0,0.0,0.0,0.0,38.491,0.0936,0.0,0.0,0.0,0.0,0.0,19.328,0.1431,C2,word_pos,équateur,N,équateur,NOM
gardon,NOUN,C2,beacco,32.4689,1.6675,0.0,1.5505,0.0,0.0,2.0505,32.4689,1.6675,0.0,0.0,0.0,0.0,0.0,12.833,0.0975,C2,word_pos,gardon,N,gardon,NOM
contentieux,NOUN,C2,beacco,32.4689,0.079,0.0,0.0,0.0,0.0,0.0,32.4689,0.079,0.0,0.0,0.0,0.0,0.0,25.6659,0.1951,C2,word_pos,contentieux,N,contentieux,NOM
exhaustif,ADJ,C2,beacco,32.4689,0.079,0.0,0.0,0.0,0.0,0.0,32.4689,0.079,0.0,0.0,0.0,0.0,0.0,12.833,0.0975,C2,word_pos,exhaustif,A,exhaustif,ADJ
infarctus,NOUN,C2,beacco,32.4689,0.079,0.0,0.0,0.0,0.0,0.0,32.4689,0.079,0.0,0.0,0.0,0.0,0.0,12.833,0.0975,C2,word_pos,infarctus,N,infarctus,NOM
nippon,ADJ,C2,beacco,32.4689,0.079,0.0,0.0,0.0,0.0,0.0,32.4689,0.079,0.0,0.0,0.0,0.0,0.0,12.833,0.0975,C2,word_pos,nippon,A,nippon,ADJ
ostéoporose,NOUN,C2,beacco,32.4689,0.079,0.0,0.0,0.0,0.0,0.0,32.4689,0.079,0.0,0.0,0.0,0.0,0.0,12.833,0.0975,C2,word_pos,ostéoporose,N,ostéoporose,NOM
psychosocial,ADJ,C2,beacco,32.4689,0.079,0.0,0.0,0.0,0.0,0.0,32.4689,0.079,0.0,0.0,0.0,0.0,0.0,12.833,0.0975,C2,word_pos,psychosocial,A,psychosocial,ADJ
métamorphose,NOUN,C2,beacco,28.8683,1.9091,0.0,0.0,0.3618,0.0,12.4046,28.8683,1.9091,0.0,0.0,0.0,0.0,0.0,19.328,0.1431,C2,word_pos,métamorphose,N,métamorphose,NOM
langagier,ADJ,C2,beacco,28.8683,1.0029,0.0,0.0,0.6228,0.0,0.0,28.8683,1.0029,0.0,0.0,0.0,0.0,0.0,19.328,0.1431,C2,word_pos,langagier,A,langagier,ADJ
stimulant,NOUN,C2,beacco,28.8683,0.6025,0.0,0.3702,0.0,0.0,0.0,28.8683,0.6025,0.0,0.0,0.0,0.0,0.0,19.328,0.1431,C2,word_pos,stimulant,N,stimulant,NOM
affluer,VERB,C2,beacco,28.8683,0.0702,0.0,0.0,0.0,0.0,0.0,28.8683,0.0702,0.0,0.0,0.0,0.0,0.0,19.328,0.1431,C2,word_pos,affluer,V,affluer,VER
amphibien,NOUN,C2,crf_first_attested,28.8683,0.0702,0.0,0.0,0.0,0.0,0.0,28.8683,0.0702,,,,,,,,,crf_only,amphibien,N,,
assujettir,VERB,C2,beacco,28.8683,0.0702,0.0,0.0,0.0,0.0,0.0,28.8683,0.0702,0.0,0.0,0.0,0.0,0.0,19.328,0.1431,C2,word_pos,assujettir,V,assujettir,VER
au fil du temps,ADV,C2,crf_first_attested,28.8683,0.0702,0.0,0.0,0.0,0.0,0.0,28.8683,0.0702,,,,,,,,,crf_only,au fil du temps,ADV,,
beau - parent,NOUN,C2,crf_first_attested,28.8683,0.0702,0.0,0.0,0.0,0.0,0.0,28.8683,0.0702,,,,,,,,,crf_only,beau - parent,N,,
carbonifère,NOUN,C2,beacco,28.8683,0.0702,0.0,0.0,0.0,0.0,0.0,28.8683,0.0702,0.0,0.0,0.0,0.0,0.0,19.328,0.1431,C2,word_pos,carbonifère,N,carbonifère,NOM
chambouler,VERB,C2,beacco,28.8683,0.0702,0.0,0.0,0.0,0.0,0.0,28.8683,0.0702,0.0,0.0,0.0,0.0,0.0,19.328,0.1431,C2,word_pos,chambouler,V,chambouler,VER
continuum,NOUN,C2,beacco,28.8683,0.0702,0.0,0.0,0.0,0.0,0.0,28.8683,0.0702,0.0,0.0,0.0,0.0,0.0,19.328,0.1431,C2,word_pos,continuum,N,continuum,NOM
contre - pouvoir,NOUN,C2,crf_first_attested,28.8683,0.0702,0.0,0.0,0.0,0.0,0.0,28.8683,0.0702,,,,,,,,,crf_only,contre - pouvoir,N,,
diplômé,ADJ,C2,beacco,28.8683,0.0702,0.0,0.0,0.0,0.0,0.0,28.8683,0.0702,0.0,0.0,0.0,0.0,0.0,57.984,0.4293,C2,word_pos,diplômé,A,diplômé,ADJ
distractif,ADJ,C2,beacco,28.8683,0.0702,0.0,0.0,0.0,0.0,0.0,28.8683,0.0702,0.0,0.0,0.0,0.0,0.0,19.328,0.1431,C2,word_pos,distractif,A,distractif,ADJ
en échec,ADV,C2,crf_first_attested,28.8683,0.0702,0.0,0.0,0.0,0.0,0.0,28.8683,0.0702,,,,,,,,,crf_only,en échec,ADV,,
fat,NOUN,C2,beacco,28.8683,0.0702,0.0,0.0,0.0,0.0,0.0,28.8683,0.0702,0.0,0.0,0.0,0.0,0.0,19.328,0.1431,C2,word_pos,fat,N,fat,NOM
fragmentation,NOUN,C2,beacco,28.8683,0.0702,0.0,0.0,0.0,0.0,0.0,28.8683,0.0702,0.0,0.0,0.0,0.0,0.0,19.328,0.1431,C2,word_pos,fragmentation,N,fragmentation,NOM
hygiéniste,NOUN,C2,beacco,28.8683,0.0702,0.0,0.0,0.0,0.0,0.0,28.8683,0.0702,0.0,0.0,0.0,0.0,0.0,19.328,0.1431,C2,word_pos,hygiéniste,N,hygiéniste,NOM
immédiateté,NOUN,C2,beacco,28.8683,0.0702,0.0,0.0,0.0,0.0,0.0,28.8683,0.0702,0.0,0.0,0.0,0.0,0.0,19.328,0.1431,C2,word_pos,immédiateté,N,immédiateté,NOM
impréciser,VERB,C2,beacco,28.8683,0.0702,0.0,0.0,0.0,0.0,0.0,28.8683,0.0702,0.0,0.0,0.0,0.0,0.0,19.328,0.1431,C2,word_pos,impréciser,V,impréciser,VER
inexorable,ADJ,C2,beacco,28.8683,0.0702,0.0,0.0,0.0,0.0,0.0,28.8683,0.0702,0.0,0.0,0.0,0.0,0.0,19.328,0.1431,C2,word_pos,inexorable,A,inexorable,ADJ
institutionnaliser,VERB,C2,beacco,28.8683,0.0702,0.0,0.0,0.0,0.0,0.0,28.8683,0.0702,0.0,0.0,0.0,0.0,0.0,19.328,0.1431,C2,word_pos,institutionnaliser,V,institutionnaliser,VER
investigateur,ADJ,C2,beacco,28.8683,0.0702,0.0,0.0,0.0,0.0,0.0,28.8683,0.0702,0.0,0.0,0.0,0.0,0.0,19.328,0.1431,C2,unique_word,investigateur,A,investigateur,NOM
lipide,NOUN,C2,beacco,28.8683,0.0702,0.0,0.0,0.0,0.0,0.0,28.8683,0.0702,0.0,0.0,0.0,0.0,0.0,19.328,0.1431,C2,word_pos,lipide,N,lipide,NOM
lâcheté,NOUN,C2,beacco,28.8683,0.0702,0.0,0.0,0.0,0.0,0.0,28.8683,0.0702,0.0,0.0,0.0,0.0,0.0,19.328,0.1431,C2,word_pos,lâcheté,N,lâcheté,NOM
machinerie,NOUN,C2,beacco,28.8683,0.0702,0.0,0.0,0.0,0.0,0.0,28.8683,0.0702,0.0,0.0,0.0,0.0,0.0,38.656,0.2862,C2,word_pos,machinerie,N,machinerie,NOM
museau,NOUN,C2,beacco,28.8683,0.0702,0.0,0.0,0.0,0.0,0.0,28.8683,0.0702,0.0,0.0,0.0,0.0,0.0,19.328,0.1431,C2,word_pos,museau,N,museau,NOM
médiologie,NOUN,C2,crf_first_attested,28.8683,0.0702,0.0,0.0,0.0,0.0,0.0,28.8683,0.0702,,,,,,,,,crf_only,médiologie,N,,
ombilical,ADJ,C2,beacco,28.8683,0.0702,0.0,0.0,0.0,0.0,0.0,28.8683,0.0702,0.0,0.0,0.0,0.0,0.0,38.656,0.2862,C2,word_pos,ombilical,A,ombilical,ADJ
ordonnancement,NOUN,C2,beacco,28.8683,0.0702,0.0,0.0,0.0,0.0,0.0,28.8683,0.0702,0.0,0.0,0.0,0.0,0.0,19.328,0.1431,C2,word_pos,ordonnancement,N,ordonnancement,NOM
outrepasser,VERB,C2,beacco,28.8683,0.0702,0.0,0.0,0.0,0.0,0.0,28.8683,0.0702,0.0,0.0,0.0,0.0,0.0,19.328,0.1431,C2,word_pos,outrepasser,V,outrepasser,VER
oxygéner,VERB,C2,beacco,28.8683,0.0702,0.0,0.0,0.0,0.0,0.0,28.8683,0.0702,0.0,0.0,0.0,0.0,0.0,19.328,0.1431,C2,word_pos,oxygéner,V,oxygéner,VER
palliatif,NOUN,C2,beacco,28.8683,0.0702,0.0,0.0,0.0,0.0,0.0,28.8683,0.0702,0.0,0.0,0.0,0.0,0.0,19.328,0.1431,C2,word_pos,palliatif,N,palliatif,NOM
patronyme,NOUN,C2,beacco,28.8683,0.0702,0.0,0.0,0.0,0.0,0.0,28.8683,0.0702,0.0,0.0,0.0,0.0,0.0,19.328,0.1431,C2,word_pos,patronyme,N,patronyme,NOM
recension,NOUN,C2,beacco,28.8683,0.0702,0.0,0.0,0.0,0.0,0.0,28.8683,0.0702,0.0,0.0,0.0,0.0,0.0,19.328,0.1431,C2,word_pos,recension,N,recension,NOM
régimer,VERB,C2,crf_first_attested,28.8683,0.0702,0.0,0.0,0.0,0.0,0.0,28.8683,0.0702,,,,,,,,,crf_only,régimer,V,,
rôle - clé,NOUN,C2,crf_first_attested,28.8683,0.0702,0.0,0.0,0.0,0.0,0.0,28.8683,0.0702,,,,,,,,,crf_only,rôle - clé,N,,
simplifié,ADJ,C2,crf_first_attested,28.8683,0.0702,0.0,0.0,0.0,0.0,0.0,28.8683,0.0702,,,,,,,,,crf_only,simplifié,A,,
surproduction,NOUN,C2,beacco,28.8683,0.0702,0.0,0.0,0.0,0.0,0.0,28.8683,0.0702,0.0,0.0,0.0,0.0,0.0,19.328,0.1431,C2,word_pos,surproduction,N,surproduction,NOM
syntagme,NOUN,C2,beacco,28.8683,0.0702,0.0,0.0,0.0,0.0,0.0,28.8683,0.0702,0.0,0.0,0.0,0.0,0.0,19.328,0.1431,C2,word_pos,syntagme,N,syntagme,NOM
travée,NOUN,C2,beacco,28.8683,0.0702,0.0,0.0,0.0,0.0,0.0,28.8683,0.0702,0.0,0.0,0.0,0.0,0.0,19.328,0.1431,C2,word_pos,travée,N,travée,NOM
vascularisation,NOUN,C2,beacco,28.8683,0.0702,0.0,0.0,0.0,0.0,0.0,28.8683,0.0702,0.0,0.0,0.0,0.0,0.0,19.328,0.1431,C2,word_pos,vascularisation,N,vascularisation,NOM
élus,NOUN,C2,crf_first_attested,28.8683,0.0702,0.0,0.0,0.0,0.0,0.0,28.8683,0.0702,,,,,,,,,crf_only,élus,N,,
émigrant,ADJ,C2,crf_first_attested,28.8683,0.0702,0.0,0.0,0.0,0.0,0.0,28.8683,0.0702,,,,,,,,,crf_only,émigrant,A,,
émigrant,NOUN,C2,beacco,28.8683,0.0702,0.0,0.0,0.0,0.0,0.0,28.8683,0.0702,0.0,0.0,0.0,0.0,0.0,38.656,0.2862,C2,word_pos,émigrant,N,émigrant,NOM
amortissement,NOUN,C2,beacco,25.9752,0.0632,0.0,0.0,0.0,0.0,0.0,25.9752,0.0632,0.0,0.0,0.0,0.0,0.0,12.833,0.0975,C2,word_pos,amortissement,N,amortissement,NOM
antinucléaire,ADJ,C2,beacco,25.9752,0.0632,0.0,0.0,0.0,0.0,0.0,25.9752,0.0632,0.0,0.0,0.0,0.0,0.0,12.833,0.0975,C2,word_pos,antinucléaire,A,antinucléaire,ADJ
crispation,NOUN,C2,beacco,25.9752,0.0632,0.0,0.0,0.0,0.0,0.0,25.9752,0.0632,0.0,0.0,0.0,0.0,0.0,25.6659,0.1951,C2,word_pos,crispation,N,crispation,NOM
insinuation,NOUN,C2,beacco,25.9752,0.0632,0.0,0.0,0.0,0.0,0.0,25.9752,0.0632,0.0,0.0,0.0,0.0,0.0,12.833,0.0975,C2,word_pos,insinuation,N,insinuation,NOM
machiste,ADJ,C2,beacco,25.9752,0.0632,0.0,0.0,0.0,0.0,0.0,25.9752,0.0632,0.0,0.0,0.0,0.0,0.0,25.6659,0.1951,C2,word_pos,machiste,A,machiste,ADJ
millénaire,ADJ,C2,beacco,25.9752,0.0632,0.0,0.0,0.0,0.0,0.0,25.9752,0.0632,0.0,0.0,0.0,0.0,0.0,12.833,0.0975,C2,word_pos,millénaire,A,millénaire,ADJ
non contre - indication,NOUN,C2,crf_first_attested,25.9752,0.0632,0.0,0.0,0.0,0.0,0.0,25.9752,0.0632,,,,,,,,,crf_only,non contre - indication,N,,
pluriannuel,ADJ,C2,beacco,25.9752,0.0632,0.0,0.0,0.0,0.0,0.0,25.9752,0.0632,0.0,0.0,0.0,0.0,0.0,12.833,0.0975,C2,word_pos,pluriannuel,A,pluriannuel,ADJ
quolibet,NOUN,C2,beacco,25.9752,0.0632,0.0,0.0,0.0,0.0,0.0,25.9752,0.0632,0.0,0.0,0.0,0.0,0.0,12.833,0.0975,C2,word_pos,quolibet,N,quolibet,NOM
réglage,NOUN,C2,beacco,25.9752,0.0632,0.0,0.0,0.0,0.0,0.0,25.9752,0.0632,0.0,0.0,0.0,0.0,0.0,25.6659,0.1951,C2,word_pos,réglage,N,réglage,NOM
sexagénaire,NOUN,C2,beacco,25.9752,0.0632,0.0,0.0,0.0,0.0,0.0,25.9752,0.0632,0.0,0.0,0.0,0.0,0.0,25.6659,0.1951,C2,word_pos,sexagénaire,N,sexagénaire,NOM
kaori,NOUN,C2,beacco,25.6659,0.1951,,,,,,,,0.0,0.0,0.0,0.0,0.0,25.6659,0.1951,C2,beacco_only,,,kaori,NOM
centrifuge,ADJ,C2,beacco,19.4814,0.4135,0.0,0.0,0.0,1.5139,0.0,19.4814,0.4135,0.0,0.0,0.0,0.0,0.0,12.833,0.0975,C2,word_pos,centrifuge,A,centrifuge,ADJ
activisme,NOUN,C2,beacco,19.4814,0.0474,0.0,0.0,0.0,0.0,0.0,19.4814,0.0474,0.0,0.0,0.0,0.0,0.0,12.833,0.0975,C2,word_pos,activisme,N,activisme,NOM
aplanir,VERB,C2,beacco,19.4814,0.0474,0.0,0.0,0.0,0.0,0.0,19.4814,0.0474,0.0,0.0,0.0,0.0,0.0,12.833,0.0975,C2,word_pos,aplanir,V,aplanir,VER
au travers,PREP,C2,crf_first_attested,19.4814,0.0474,0.0,0.0,0.0,0.0,0.0,19.4814,0.0474,,,,,,,,,crf_only,au travers,PREP,,
biomasse,NOUN,C2,beacco,19.4814,0.0474,0.0,0.0,0.0,0.0,0.0,19.4814,0.0474,0.0,0.0,0.0,0.0,0.0,12.833,0.0975,C2,word_pos,biomasse,N,biomasse,NOM
cabrer,VERB,C2,beacco,19.4814,0.0474,0.0,0.0,0.0,0.0,0.0,19.4814,0.0474,0.0,0.0,0.0,0.0,0.0,12.833,0.0975,C2,word_pos,cabrer,V,cabrer,VER
carboner,VERB,C2,crf_first_attested,19.4814,0.0474,0.0,0.0,0.0,0.0,0.0,19.4814,0.0474,,,,,,,,,crf_only,carboner,V,,
chancelier,NOUN,C2,crf_first_attested,19.4814,0.0474,0.0,0.0,0.0,0.0,0.0,19.4814,0.0474,,,,,,,,,crf_only,chancelier,N,,
colonisation,NOUN,C2,beacco,19.4814,0.0474,0.0,0.0,0.0,0.0,0.0,19.4814,0.0474,0.0,0.0,0.0,0.0,0.0,12.833,0.0975,C2,word_pos,colonisation,N,colonisation,NOM
dans la foulée de,PREP,C2,crf_first_attested,19.4814,0.0474,0.0,0.0,0.0,0.0,0.0,19.4814,0.0474,,,,,,,,,crf_only,dans la foulée de,PREP,,
directoire,NOUN,C2,crf_first_attested,19.4814,0.0474,0.0,0.0,0.0,0.0,0.0,19.4814,0.0474,,,,,,,,,crf_only,directoire,N,,
débouler,VERB,C2,beacco,19.4814,0.0474,0.0,0.0,0.0,0.0,0.0,19.4814,0.0474,0.0,0.0,0.0,0.0,0.0,12.833,0.0975,C2,word_pos,débouler,V,débouler,VER
décennal,ADJ,C2,beacco,19.4814,0.0474,0.0,0.0,0.0,0.0,0.0,19.4814,0.0474,0.0,0.0,0.0,0.0,0.0,38.4989,0.2926,C2,word_pos,décennal,A,décennal,ADJ
entériner,VERB,C2,beacco,19.4814,0.0474,0.0,0.0,0.0,0.0,0.0,19.4814,0.0474,0.0,0.0,0.0,0.0,0.0,12.833,0.0975,C2,word_pos,entériner,V,entériner,VER
faire figurer,VERB,C2,crf_first_attested,19.4814,0.0474,0.0,0.0,0.0,0.0,0.0,19.4814,0.0474,,,,,,,,,crf_only,faire figurer,V,,
franco -,NOUN,C2,crf_first_attested,19.4814,0.0474,0.0,0.0,0.0,0.0,0.0,19.4814,0.0474,,,,,,,,,crf_only,franco -,N,,
gratifier,VERB,C2,beacco,19.4814,0.0474,0.0,0.0,0.0,0.0,0.0,19.4814,0.0474,0.0,0.0,0.0,0.0,0.0,12.833,0.0975,C2,word_pos,gratifier,V,gratifier,VER
immiscer,VERB,C2,beacco,19.4814,0.0474,0.0,0.0,0.0,0.0,0.0,19.4814,0.0474,0.0,0.0,0.0,0.0,0.0,12.833,0.0975,C2,word_pos,immiscer,V,immiscer,VER
intéressé,NOUN,C2,crf_first_attested,19.4814,0.0474,0.0,0.0,0.0,0.0,0.0,19.4814,0.0474,,,,,,,,,crf_only,intéressé,N,,
kwh,NOUN,C2,crf_first_attested,19.4814,0.0474,0.0,0.0,0.0,0.0,0.0,19.4814,0.0474,,,,,,,,,crf_only,kwh,N,,
millésimer,VERB,C2,beacco,19.4814,0.0474,0.0,0.0,0.0,0.0,0.0,19.4814,0.0474,0.0,0.0,0.0,0.0,0.0,12.833,0.0975,C2,word_pos,millésimer,V,millésimer,VER
monarchiste,ADJ,C2,beacco,19.4814,0.0474,0.0,0.0,0.0,0.0,0.0,19.4814,0.0474,0.0,0.0,0.0,0.0,0.0,12.833,0.0975,C2,word_pos,monarchiste,A,monarchiste,ADJ
nonante,DET,C2,beacco,19.4814,0.0474,0.0,0.0,0.0,0.0,0.0,19.4814,0.0474,0.0,0.0,0.0,0.0,0.0,12.833,0.0975,C2,unique_word,nonante,DET,nonante,ADJ
numération,NOUN,C2,beacco,19.4814,0.0474,0.0,0.0,0.0,0.0,0.0,19.4814,0.0474,0.0,0.0,0.0,0.0,0.0,12.833,0.0975,C2,word_pos,numération,N,numération,NOM
rehaussement,NOUN,C2,beacco,19.4814,0.0474,0.0,0.0,0.0,0.0,0.0,19.4814,0.0474,0.0,0.0,0.0,0.0,0.0,38.4989,0.2926,C2,word_pos,rehaussement,N,rehaussement,NOM
reuters,NOUN,C2,crf_first_attested,19.4814,0.0474,0.0,0.0,0.0,0.0,0.0,19.4814,0.0474,,,,,,,,,crf_only,reuters,N,,
septante,ADJ,C2,crf_first_attested,19.4814,0.0474,0.0,0.0,0.0,0.0,0.0,19.4814,0.0474,,,,,,,,,crf_only,septante,A,,
à effet de,PREP,C2,crf_first_attested,19.4814,0.0474,0.0,0.0,0.0,0.0,0.0,19.4814,0.0474,,,,,,,,,crf_only,à effet de,PREP,,
émérite,ADJ,C2,beacco,19.4814,0.0474,0.0,0.0,0.0,0.0,0.0,19.4814,0.0474,0.0,0.0,0.0,0.0,0.0,12.833,0.0975,C2,word_pos,émérite,A,émérite,ADJ
amphibiens,NOUN,C2,beacco,19.328,0.1431,,,,,,,,0.0,0.0,0.0,0.0,0.0,19.328,0.1431,C2,beacco_only,,,amphibiens,NOM
atomiser,VERB,C2,beacco,19.328,0.1431,,,,,,,,0.0,0.0,0.0,0.0,0.0,19.328,0.1431,C2,beacco_only,,,atomiser,VER
baby-boom,NOUN,C2,beacco,19.328,0.1431,,,,,,,,0.0,0.0,0.0,0.0,0.0,19.328,0.1431,C2,beacco_only,,,baby-boom,NOM
conçu,ADJ,C2,beacco,19.328,0.1431,,,,,,,,0.0,0.0,0.0,0.0,0.0,19.328,0.1431,C2,beacco_only,,,conçu,ADJ
demi-soeur,NOUN,C2,beacco,19.328,0.1431,,,,,,,,0.0,0.0,0.0,0.0,0.0,19.328,0.1431,C2,beacco_only,,,demi-soeur,NOM
dédoubler,VERB,C2,beacco,19.328,0.1431,,,,,,,,0.0,0.0,0.0,0.0,0.0,19.328,0.1431,C2,beacco_only,,,dédoubler,VER
glande,NOUN,C2,beacco,19.328,0.1431,,,,,,,,0.0,0.0,0.0,0.0,0.0,19.328,0.1431,C2,beacco_only,,,glande,NOM
goutte-à-goutte,NOUN,C2,beacco,19.328,0.1431,,,,,,,,0.0,0.0,0.0,0.0,0.0,19.328,0.1431,C2,beacco_only,,,goutte-à-goutte,NOM
indéterminer,VERB,C2,beacco,19.328,0.1431,,,,,,,,0.0,0.0,0.0,0.0,0.0,19.328,0.1431,C2,beacco_only,,,indéterminer,VER
intervenant,ADJ,C2,beacco,19.328,0.1431,,,,,,,,0.0,0.0,0.0,0.0,0.0,19.328,0.1431,C2,beacco_only,,,intervenant,ADJ
laisser-aller,NOUN,C2,beacco,19.328,0.1431,,,,,,,,0.0,0.0,0.0,0.0,0.0,19.328,0.1431,C2,beacco_only,,,laisser-aller,NOM
marionnette,NOUN,C2,beacco,19.328,0.1431,,,,,,,,0.0,0.0,0.0,0.0,0.0,19.328,0.1431,C2,beacco_only,,,marionnette,NOM
médiateur,ADJ,C2,beacco,19.328,0.1431,,,,,,,,0.0,0.0,0.0,0.0,0.0,19.328,0.1431,C2,beacco_only,,,médiateur,ADJ
net,ADV,C2,beacco,19.328,0.1431,,,,,,,,0.0,0.0,0.0,0.0,0.0,19.328,0.1431,C2,beacco_only,,,net,ADV
nord-africain,ADJ,C2,beacco,19.328,0.1431,,,,,,,,0.0,0.0,0.0,0.0,0.0,19.328,0.1431,C2,beacco_only,,,nord-africain,ADJ
nouveau-né,ADJ,C2,beacco,19.328,0.1431,,,,,,,,0.0,0.0,0.0,0.0,0.0,19.328,0.1431,C2,beacco_only,,,nouveau-né,ADJ
oméga,NOUN,C2,beacco,19.328,0.1431,,,,,,,,0.0,0.0,0.0,0.0,0.0,19.328,0.1431,C2,beacco_only,,,oméga,NOM
par-delà,PREP,C2,beacco,19.328,0.1431,,,,,,,,0.0,0.0,0.0,0.0,0.0,19.328,0.1431,C2,beacco_only,,,par-delà,PRP
psychosomaticien,NOUN,C2,beacco,19.328,0.1431,,,,,,,,0.0,0.0,0.0,0.0,0.0,19.328,0.1431,C2,beacco_only,,,psychosomaticien,NOM
rassembler,NOUN,C2,beacco,19.328,0.1431,,,,,,,,0.0,0.0,0.0,0.0,0.0,19.328,0.1431,C2,beacco_only,,,rassembler,NOM
restaurateur,ADJ,C2,beacco,19.328,0.1431,,,,,,,,0.0,0.0,0.0,0.0,0.0,19.328,0.1431,C2,beacco_only,,,restaurateur,ADJ
sous-diacre,NOUN,C2,beacco,19.328,0.1431,,,,,,,,0.0,0.0,0.0,0.0,0.0,19.328,0.1431,C2,beacco_only,,,sous-diacre,NOM
suppléant,NOUN,C2,beacco,19.328,0.1431,,,,,,,,0.0,0.0,0.0,0.0,0.0,19.328,0.1431,C2,beacco_only,,,suppléant,NOM
tentateur,ADJ,C2,beacco,19.328,0.1431,,,,,,,,0.0,0.0,0.0,0.0,0.0,19.328,0.1431,C2,beacco_only,,,tentateur,ADJ
trophée,NOUN,C2,beacco,19.328,0.1431,,,,,,,,0.0,0.0,0.0,0.0,0.0,19.328,0.1431,C2,beacco_only,,,trophée,NOM
tétrapode,ADJ,C2,beacco,19.328,0.1431,,,,,,,,0.0,0.0,0.0,0.0,0.0,19.328,0.1431,C2,beacco_only,,,tétrapode,ADJ
vidé,ADJ,C2,beacco,19.328,0.1431,,,,,,,,0.0,0.0,0.0,0.0,0.0,19.328,0.1431,C2,beacco_only,,,vidé,ADJ
wolof,ADJ,C2,beacco,19.328,0.1431,,,,,,,,0.0,0.0,0.0,0.0,0.0,19.328,0.1431,C2,beacco_only,,,wolof,ADJ
acétylcholine,NOUN,C2,beacco,19.2455,0.0468,0.0,0.0,0.0,0.0,0.0,19.2455,0.0468,0.0,0.0,0.0,0.0,0.0,19.328,0.1431,C2,word_pos,acétylcholine,N,acétylcholine,NOM
assidûment,ADV,C2,beacco,19.2455,0.0468,0.0,0.0,0.0,0.0,0.0,19.2455,0.0468,0.0,0.0,0.0,0.0,0.0,19.328,0.1431,C2,word_pos,assidûment,ADV,assidûment,ADV
assurance - maladie,NOUN,C2,crf_first_attested,19.2455,0.0468,0.0,0.0,0.0,0.0,0.0,19.2455,0.0468,,,,,,,,,crf_only,assurance - maladie,N,,
atomisé,ADJ,C2,crf_first_attested,19.2455,0.0468,0.0,0.0,0.0,0.0,0.0,19.2455,0.0468,,,,,,,,,crf_only,atomisé,A,,
atonie,NOUN,C2,beacco,19.2455,0.0468,0.0,0.0,0.0,0.0,0.0,19.2455,0.0468,0.0,0.0,0.0,0.0,0.0,19.328,0.1431,C2,word_pos,atonie,N,atonie,NOM
autocritique,NOUN,C2,crf_first_attested,19.2455,0.0468,0.0,0.0,0.0,0.0,0.0,19.2455,0.0468,,,,,,,,,crf_only,autocritique,N,,
ceinture,DET,C2,crf_first_attested,19.2455,0.0468,0.0,0.0,0.0,0.0,0.0,19.2455,0.0468,,,,,,,,,crf_only,ceinture,DET,,
cléricalisme,NOUN,C2,beacco,19.2455,0.0468,0.0,0.0,0.0,0.0,0.0,19.2455,0.0468,0.0,0.0,0.0,0.0,0.0,19.328,0.1431,C2,word_pos,cléricalisme,N,cléricalisme,NOM
codage,NOUN,C2,beacco,19.2455,0.0468,0.0,0.0,0.0,0.0,0.0,19.2455,0.0468,0.0,0.0,0.0,0.0,0.0,19.328,0.1431,C2,word_pos,codage,N,codage,NOM
conjoncturel,ADJ,C2,beacco,19.2455,0.0468,0.0,0.0,0.0,0.0,0.0,19.2455,0.0468,0.0,0.0,0.0,0.0,0.0,19.328,0.1431,C2,word_pos,conjoncturel,A,conjoncturel,ADJ
corvéable,ADJ,C2,beacco,19.2455,0.0468,0.0,0.0,0.0,0.0,0.0,19.2455,0.0468,0.0,0.0,0.0,0.0,0.0,19.328,0.1431,C2,word_pos,corvéable,A,corvéable,ADJ
de plus près,ADV,C2,crf_first_attested,19.2455,0.0468,0.0,0.0,0.0,0.0,0.0,19.2455,0.0468,,,,,,,,,crf_only,de plus près,ADV,,
diacre,NOUN,C2,beacco,19.2455,0.0468,0.0,0.0,0.0,0.0,0.0,19.2455,0.0468,0.0,0.0,0.0,0.0,0.0,19.328,0.1431,C2,word_pos,diacre,N,diacre,NOM
déceler,VERB,C2,beacco,19.2455,0.0468,0.0,0.0,0.0,0.0,0.0,19.2455,0.0468,0.0,0.0,0.0,0.0,0.0,19.328,0.1431,C2,word_pos,déceler,V,déceler,VER
décompte,NOUN,C2,beacco,19.2455,0.0468,0.0,0.0,0.0,0.0,0.0,19.2455,0.0468,0.0,0.0,0.0,0.0,0.0,19.328,0.1431,C2,word_pos,décompte,N,décompte,NOM
en continu,ADV,C2,crf_first_attested,19.2455,0.0468,0.0,0.0,0.0,0.0,0.0,19.2455,0.0468,,,,,,,,,crf_only,en continu,ADV,,
entremise,NOUN,C2,beacco,19.2455,0.0468,0.0,0.0,0.0,0.0,0.0,19.2455,0.0468,0.0,0.0,0.0,0.0,0.0,19.328,0.1431,C2,word_pos,entremise,N,entremise,NOM
exclusif,ADJ,C2,beacco,19.2455,0.0468,0.0,0.0,0.0,0.0,0.0,19.2455,0.0468,0.0,0.0,0.0,0.0,0.0,19.328,0.1431,C2,word_pos,exclusif,A,exclusif,ADJ
exponentiel,ADJ,C2,beacco,19.2455,0.0468,0.0,0.0,0.0,0.0,0.0,19.2455,0.0468,0.0,0.0,0.0,0.0,0.0,19.328,0.1431,C2,word_pos,exponentiel,A,exponentiel,ADJ
foetal,ADJ,C2,beacco,19.2455,0.0468,0.0,0.0,0.0,0.0,0.0,19.2455,0.0468,0.0,0.0,0.0,0.0,0.0,38.656,0.2862,C2,word_pos,foetal,A,foetal,ADJ
fragilisation,NOUN,C2,beacco,19.2455,0.0468,0.0,0.0,0.0,0.0,0.0,19.2455,0.0468,0.0,0.0,0.0,0.0,0.0,19.328,0.1431,C2,word_pos,fragilisation,N,fragilisation,NOM
fratrie,NOUN,C2,beacco,19.2455,0.0468,0.0,0.0,0.0,0.0,0.0,19.2455,0.0468,0.0,0.0,0.0,0.0,0.0,19.328,0.1431,C2,word_pos,fratrie,N,fratrie,NOM
glandes,NOUN,C2,crf_first_attested,19.2455,0.0468,0.0,0.0,0.0,0.0,0.0,19.2455,0.0468,,,,,,,,,crf_only,glandes,N,,
goutte - à - goutte,NOUN,C2,crf_first_attested,19.2455,0.0468,0.0,0.0,0.0,0.0,0.0,19.2455,0.0468,,,,,,,,,crf_only,goutte - à - goutte,N,,
guignol,NOUN,C2,beacco,19.2455,0.0468,0.0,0.0,0.0,0.0,0.0,19.2455,0.0468,0.0,0.0,0.0,0.0,0.0,19.328,0.1431,C2,word_pos,guignol,N,guignol,NOM
hiatus,NOUN,C2,beacco,19.2455,0.0468,0.0,0.0,0.0,0.0,0.0,19.2455,0.0468,0.0,0.0,0.0,0.0,0.0,19.328,0.1431,C2,word_pos,hiatus,N,hiatus,NOM
identique,NOUN,C2,crf_first_attested,19.2455,0.0468,0.0,0.0,0.0,0.0,0.0,19.2455,0.0468,,,,,,,,,crf_only,identique,N,,
indéniablement,ADV,C2,beacco,19.2455,0.0468,0.0,0.0,0.0,0.0,0.0,19.2455,0.0468,0.0,0.0,0.0,0.0,0.0,19.328,0.1431,C2,word_pos,indéniablement,ADV,indéniablement,ADV
ingénu,ADJ,C2,beacco,19.2455,0.0468,0.0,0.0,0.0,0.0,0.0,19.2455,0.0468,0.0,0.0,0.0,0.0,0.0,19.328,0.1431,C2,word_pos,ingénu,A,ingénu,ADJ
instrumental,ADJ,C2,beacco,19.2455,0.0468,0.0,0.0,0.0,0.0,0.0,19.2455,0.0468,0.0,0.0,0.0,0.0,0.0,19.328,0.1431,C2,word_pos,instrumental,A,instrumental,ADJ
irresponsabilité,NOUN,C2,beacco,19.2455,0.0468,0.0,0.0,0.0,0.0,0.0,19.2455,0.0468,0.0,0.0,0.0,0.0,0.0,19.328,0.1431,C2,word_pos,irresponsabilité,N,irresponsabilité,NOM
karaté,NOUN,C2,beacco,19.2455,0.0468,0.0,0.0,0.0,0.0,0.0,19.2455,0.0468,0.0,0.0,0.0,0.0,0.0,19.328,0.1431,C2,word_pos,karaté,N,karaté,NOM
kussu,X,C2,crf_first_attested,19.2455,0.0468,0.0,0.0,0.0,0.0,0.0,19.2455,0.0468,,,,,,,,,crf_only,kussu,X,,
masochisme,NOUN,C2,beacco,19.2455,0.0468,0.0,0.0,0.0,0.0,0.0,19.2455,0.0468,0.0,0.0,0.0,0.0,0.0,19.328,0.1431,C2,word_pos,masochisme,N,masochisme,NOM
myriam,NOUN,C2,crf_first_attested,19.2455,0.0468,0.0,0.0,0.0,0.0,0.0,19.2455,0.0468,,,,,,,,,crf_only,myriam,N,,
neuroprotecteur,ADJ,C2,crf_first_attested,19.2455,0.0468,0.0,0.0,0.0,0.0,0.0,19.2455,0.0468,,,,,,,,,crf_only,neuroprotecteur,A,,
neurostéroïdes,NOUN,C2,crf_first_attested,19.2455,0.0468,0.0,0.0,0.0,0.0,0.0,19.2455,0.0468,,,,,,,,,crf_only,neurostéroïdes,N,,
neurotransmetteur,NOUN,C2,beacco,19.2455,0.0468,0.0,0.0,0.0,0.0,0.0,19.2455,0.0468,0.0,0.0,0.0,0.0,0.0,19.328,0.1431,C2,word_pos,neurotransmetteur,N,neurotransmetteur,NOM
nuptialité,NOUN,C2,beacco,19.2455,0.0468,0.0,0.0,0.0,0.0,0.0,19.2455,0.0468,0.0,0.0,0.0,0.0,0.0,19.328,0.1431,C2,word_pos,nuptialité,N,nuptialité,NOM
oecuménisme,NOUN,C2,beacco,19.2455,0.0468,0.0,0.0,0.0,0.0,0.0,19.2455,0.0468,0.0,0.0,0.0,0.0,0.0,19.328,0.1431,C2,word_pos,oecuménisme,N,oecuménisme,NOM
ostracisme,NOUN,C2,beacco,19.2455,0.0468,0.0,0.0,0.0,0.0,0.0,19.2455,0.0468,0.0,0.0,0.0,0.0,0.0,19.328,0.1431,C2,word_pos,ostracisme,N,ostracisme,NOM
oxydant,ADJ,C2,beacco,19.2455,0.0468,0.0,0.0,0.0,0.0,0.0,19.2455,0.0468,0.0,0.0,0.0,0.0,0.0,19.328,0.1431,C2,word_pos,oxydant,A,oxydant,ADJ
paillé,NOUN,C2,crf_first_attested,19.2455,0.0468,0.0,0.0,0.0,0.0,0.0,19.2455,0.0468,,,,,,,,,crf_only,paillé,N,,
par - delà,PREP,C2,crf_first_attested,19.2455,0.0468,0.0,0.0,0.0,0.0,0.0,19.2455,0.0468,,,,,,,,,crf_only,par - delà,PREP,,
postérieur,ADJ,C2,beacco,19.2455,0.0468,0.0,0.0,0.0,0.0,0.0,19.2455,0.0468,0.0,0.0,0.0,0.0,0.0,19.328,0.1431,C2,word_pos,postérieur,A,postérieur,ADJ
potentiation,NOUN,C2,crf_first_attested,19.2455,0.0468,0.0,0.0,0.0,0.0,0.0,19.2455,0.0468,,,,,,,,,crf_only,potentiation,N,,
prolétariat,NOUN,C2,beacco,19.2455,0.0468,0.0,0.0,0.0,0.0,0.0,19.2455,0.0468,0.0,0.0,0.0,0.0,0.0,19.328,0.1431,C2,word_pos,prolétariat,N,prolétariat,NOM
quid,NOUN,C2,crf_first_attested,19.2455,0.0468,0.0,0.0,0.0,0.0,0.0,19.2455,0.0468,,,,,,,,,crf_only,quid,N,,
renversement,NOUN,C2,beacco,19.2455,0.0468,0.0,0.0,0.0,0.0,0.0,19.2455,0.0468,0.0,0.0,0.0,0.0,0.0,19.328,0.1431,C2,word_pos,renversement,N,renversement,NOM
repérable,ADJ,C2,beacco,19.2455,0.0468,0.0,0.0,0.0,0.0,0.0,19.2455,0.0468,0.0,0.0,0.0,0.0,0.0,19.328,0.1431,C2,word_pos,repérable,A,repérable,ADJ
res,VERB,C2,crf_first_attested,19.2455,0.0468,0.0,0.0,0.0,0.0,0.0,19.2455,0.0468,,,,,,,,,crf_only,res,V,,
statutaire,ADJ,C2,beacco,19.2455,0.0468,0.0,0.0,0.0,0.0,0.0,19.2455,0.0468,0.0,0.0,0.0,0.0,0.0,19.328,0.1431,C2,word_pos,statutaire,A,statutaire,ADJ
suppléer,VERB,C2,crf_first_attested,19.2455,0.0468,0.0,0.0,0.0,0.0,0.0,19.2455,0.0468,,,,,,,,,crf_only,suppléer,V,,
surrénal,ADJ,C2,beacco,19.2455,0.0468,0.0,0.0,0.0,0.0,0.0,19.2455,0.0468,0.0,0.0,0.0,0.0,0.0,19.328,0.1431,C2,word_pos,surrénal,A,surrénal,ADJ
synaptique,ADJ,C2,beacco,19.2455,0.0468,0.0,0.0,0.0,0.0,0.0,19.2455,0.0468,0.0,0.0,0.0,0.0,0.0,19.328,0.1431,C2,word_pos,synaptique,A,synaptique,ADJ
taillable,ADJ,C2,beacco,19.2455,0.0468,0.0,0.0,0.0,0.0,0.0,19.2455,0.0468,0.0,0.0,0.0,0.0,0.0,19.328,0.1431,C2,word_pos,taillable,A,taillable,ADJ
talks,NOUN,C2,crf_first_attested,19.2455,0.0468,0.0,0.0,0.0,0.0,0.0,19.2455,0.0468,,,,,,,,,crf_only,talks,N,,
vacation,NOUN,C2,crf_first_attested,19.2455,0.0468,0.0,0.0,0.0,0.0,0.0,19.2455,0.0468,,,,,,,,,crf_only,vacation,N,,
vespéral,ADJ,C2,beacco,19.2455,0.0468,0.0,0.0,0.0,0.0,0.0,19.2455,0.0468,0.0,0.0,0.0,0.0,0.0,19.328,0.1431,C2,word_pos,vespéral,A,vespéral,ADJ
à haut niveau,ADV,C2,crf_first_attested,19.2455,0.0468,0.0,0.0,0.0,0.0,0.0,19.2455,0.0468,,,,,,,,,crf_only,à haut niveau,ADV,,
à merci,ADV,C2,crf_first_attested,19.2455,0.0468,0.0,0.0,0.0,0.0,0.0,19.2455,0.0468,,,,,,,,,crf_only,à merci,ADV,,
fictionnel,ADJ,C2,beacco,18.528,0.2993,0.0,0.0,0.0,0.0,0.0,18.528,0.2993,0.0,0.0,0.0,0.0,0.0,12.0555,0.1972,C2,word_pos,fictionnel,A,fictionnel,ADJ
heuristique,ADJ,C2,beacco,18.528,0.2993,0.0,0.0,0.0,0.0,0.0,18.528,0.2993,0.0,0.0,0.0,0.0,0.0,20.0924,0.3287,C2,word_pos,heuristique,A,heuristique,ADJ
mellifera,X,C2,crf_first_attested,18.528,0.2993,0.0,0.0,0.0,0.0,0.0,18.528,0.2993,,,,,,,,,crf_only,mellifera,X,,
séquençage,NOUN,C2,beacco,18.528,0.2993,0.0,0.0,0.0,0.0,0.0,18.528,0.2993,0.0,0.0,0.0,0.0,0.0,12.0555,0.1972,C2,word_pos,séquençage,N,séquençage,NOM
décryptage,NOUN,C2,crf_first_attested,16.4693,0.266,0.0,0.0,0.0,0.0,0.0,16.4693,0.266,,,,,,,,,crf_only,décryptage,N,,
apis,X,C2,crf_first_attested,14.4107,0.2328,0.0,0.0,0.0,0.0,0.0,14.4107,0.2328,,,,,,,,,crf_only,apis,X,,
drosophile,NOUN,C2,beacco,14.4107,0.2328,0.0,0.0,0.0,0.0,0.0,14.4107,0.2328,0.0,0.0,0.0,0.0,0.0,8.037,0.1315,C2,word_pos,drosophile,N,drosophile,NOM
palimpseste,NOUN,C2,beacco,14.4107,0.2328,0.0,0.0,0.0,0.0,0.0,14.4107,0.2328,0.0,0.0,0.0,0.0,0.0,4.0185,0.0657,C2,word_pos,palimpseste,N,palimpseste,NOM
argumentaire,NOUN,C2,beacco,12.9876,0.0316,0.0,0.0,0.0,0.0,0.0,12.9876,0.0316,0.0,0.0,0.0,0.0,0.0,12.833,0.0975,C2,word_pos,argumentaire,N,argumentaire,NOM
au alentours de,PREP,C2,crf_first_attested,12.9876,0.0316,0.0,0.0,0.0,0.0,0.0,12.9876,0.0316,,,,,,,,,crf_only,au alentours de,PREP,,
audiencia,X,C2,crf_first_attested,12.9876,0.0316,0.0,0.0,0.0,0.0,0.0,12.9876,0.0316,,,,,,,,,crf_only,audiencia,X,,
berceau,NOUN,C2,beacco,12.9876,0.0316,0.0,0.0,0.0,0.0,0.0,12.9876,0.0316,0.0,0.0,0.0,0.0,0.0,12.833,0.0975,C2,word_pos,berceau,N,berceau,NOM
buton,NOUN,C2,crf_first_attested,12.9876,0.0316,0.0,0.0,0.0,0.0,0.0,12.9876,0.0316,,,,,,,,,crf_only,buton,N,,
combiné,ADJ,C2,crf_first_attested,12.9876,0.0316,0.0,0.0,0.0,0.0,0.0,12.9876,0.0316,,,,,,,,,crf_only,combiné,A,,
concocter,VERB,C2,beacco,12.9876,0.0316,0.0,0.0,0.0,0.0,0.0,12.9876,0.0316,0.0,0.0,0.0,0.0,0.0,25.6659,0.1951,C2,word_pos,concocter,V,concocter,VER
conforter,VERB,C2,beacco,12.9876,0.0316,0.0,0.0,0.0,0.0,0.0,12.9876,0.0316,0.0,0.0,0.0,0.0,0.0,12.833,0.0975,C2,word_pos,conforter,V,conforter,VER
construire,NOUN,C2,crf_first_attested,12.9876,0.0316,0.0,0.0,0.0,0.0,0.0,12.9876,0.0316,,,,,,,,,crf_only,construire,N,,
dangerosité,NOUN,C2,crf_first_attested,12.9876,0.0316,0.0,0.0,0.0,0.0,0.0,12.9876,0.0316,,,,,,,,,crf_only,dangerosité,N,,
disparité,NOUN,C2,beacco,12.9876,0.0316,0.0,0.0,0.0,0.0,0.0,12.9876,0.0316,0.0,0.0,0.0,0.0,0.0,12.833,0.0975,C2,word_pos,disparité,N,disparité,NOM
détracteur,NOUN,C2,beacco,12.9876,0.0316,0.0,0.0,0.0,0.0,0.0,12.9876,0.0316,0.0,0.0,0.0,0.0,0.0,12.833,0.0975,C2,word_pos,détracteur,N,détracteur,NOM
en pleine nuit et pas,ADV,C2,crf_first_attested,12.9876,0.0316,0.0,0.0,0.0,0.0,0.0,12.9876,0.0316,,,,,,,,,crf_only,en pleine nuit et pas,ADV,,
extrapoler,VERB,C2,beacco,12.9876,0.0316,0.0,0.0,0.0,0.0,0.0,12.9876,0.0316,0.0,0.0,0.0,0.0,0.0,12.833,0.0975,C2,word_pos,extrapoler,V,extrapoler,VER
exulter,VERB,C2,beacco,12.9876,0.0316,0.0,0.0,0.0,0.0,0.0,12.9876,0.0316,0.0,0.0,0.0,0.0,0.0,12.833,0.0975,C2,word_pos,exulter,V,exulter,VER
friand,ADJ,C2,beacco,12.9876,0.0316,0.0,0.0,0.0,0.0,0.0,12.9876,0.0316,0.0,0.0,0.0,0.0,0.0,12.833,0.0975,C2,word_pos,friand,A,friand,ADJ
i - mode,NOUN,C2,crf_first_attested,12.9876,0.0316,0.0,0.0,0.0,0.0,0.0,12.9876,0.0316,,,,,,,,,crf_only,i - mode,N,,
immobilisation,NOUN,C2,beacco,12.9876,0.0316,0.0,0.0,0.0,0.0,0.0,12.9876,0.0316,0.0,0.0,0.0,0.0,0.0,12.833,0.0975,C2,word_pos,immobilisation,N,immobilisation,NOM
imparable,ADJ,C2,beacco,12.9876,0.0316,0.0,0.0,0.0,0.0,0.0,12.9876,0.0316,0.0,0.0,0.0,0.0,0.0,12.833,0.0975,C2,word_pos,imparable,A,imparable,ADJ
incitation,NOUN,C2,beacco,12.9876,0.0316,0.0,0.0,0.0,0.0,0.0,12.9876,0.0316,0.0,0.0,0.0,0.0,0.0,12.833,0.0975,C2,word_pos,incitation,N,incitation,NOM
irriguer,VERB,C2,beacco,12.9876,0.0316,0.0,0.0,0.0,0.0,0.0,12.9876,0.0316,0.0,0.0,0.0,0.0,0.0,12.833,0.0975,C2,word_pos,irriguer,V,irriguer,VER
kilowattheure,NOUN,C2,beacco,12.9876,0.0316,0.0,0.0,0.0,0.0,0.0,12.9876,0.0316,0.0,0.0,0.0,0.0,0.0,12.833,0.0975,C2,word_pos,kilowattheure,N,kilowattheure,NOM
leucémie,NOUN,C2,beacco,12.9876,0.0316,0.0,0.0,0.0,0.0,0.0,12.9876,0.0316,0.0,0.0,0.0,0.0,0.0,12.833,0.0975,C2,word_pos,leucémie,N,leucémie,NOM
magistrature,NOUN,C2,beacco,12.9876,0.0316,0.0,0.0,0.0,0.0,0.0,12.9876,0.0316,0.0,0.0,0.0,0.0,0.0,12.833,0.0975,C2,word_pos,magistrature,N,magistrature,NOM
micro - web,NOUN,C2,crf_first_attested,12.9876,0.0316,0.0,0.0,0.0,0.0,0.0,12.9876,0.0316,,,,,,,,,crf_only,micro - web,N,,
nacional,X,C2,crf_first_attested,12.9876,0.0316,0.0,0.0,0.0,0.0,0.0,12.9876,0.0316,,,,,,,,,crf_only,nacional,X,,
non contre,ADV,C2,crf_first_attested,12.9876,0.0316,0.0,0.0,0.0,0.0,0.0,12.9876,0.0316,,,,,,,,,crf_only,non contre,ADV,,
négoce,NOUN,C2,beacco,12.9876,0.0316,0.0,0.0,0.0,0.0,0.0,12.9876,0.0316,0.0,0.0,0.0,0.0,0.0,12.833,0.0975,C2,word_pos,négoce,N,négoce,NOM
percutant,ADJ,C2,beacco,12.9876,0.0316,0.0,0.0,0.0,0.0,0.0,12.9876,0.0316,0.0,0.0,0.0,0.0,0.0,12.833,0.0975,C2,word_pos,percutant,A,percutant,ADJ
planté,ADJ,C2,crf_first_attested,12.9876,0.0316,0.0,0.0,0.0,0.0,0.0,12.9876,0.0316,,,,,,,,,crf_only,planté,A,,
potentiellement,ADV,C2,beacco,12.9876,0.0316,0.0,0.0,0.0,0.0,0.0,12.9876,0.0316,0.0,0.0,0.0,0.0,0.0,12.833,0.0975,C2,word_pos,potentiellement,ADV,potentiellement,ADV
pp,NOUN,C2,crf_first_attested,12.9876,0.0316,0.0,0.0,0.0,0.0,0.0,12.9876,0.0316,,,,,,,,,crf_only,pp,N,,
prisé,ADJ,C2,crf_first_attested,12.9876,0.0316,0.0,0.0,0.0,0.0,0.0,12.9876,0.0316,,,,,,,,,crf_only,prisé,A,,
psychosomatique,ADJ,C2,beacco,12.9876,0.0316,0.0,0.0,0.0,0.0,0.0,12.9876,0.0316,0.0,0.0,0.0,0.0,0.0,12.833,0.0975,C2,word_pos,psychosomatique,A,psychosomatique,ADJ
raviver,VERB,C2,beacco,12.9876,0.0316,0.0,0.0,0.0,0.0,0.0,12.9876,0.0316,0.0,0.0,0.0,0.0,0.0,25.6659,0.1951,C2,word_pos,raviver,V,raviver,VER
rhodanien,ADJ,C2,beacco,12.9876,0.0316,0.0,0.0,0.0,0.0,0.0,12.9876,0.0316,0.0,0.0,0.0,0.0,0.0,25.6659,0.1951,C2,word_pos,rhodanien,A,rhodanien,ADJ
solaire,NOUN,C2,crf_first_attested,12.9876,0.0316,0.0,0.0,0.0,0.0,0.0,12.9876,0.0316,,,,,,,,,crf_only,solaire,N,,
soudoyer,VERB,C2,beacco,12.9876,0.0316,0.0,0.0,0.0,0.0,0.0,12.9876,0.0316,0.0,0.0,0.0,0.0,0.0,12.833,0.0975,C2,word_pos,soudoyer,V,soudoyer,VER
souris,ADJ,C2,crf_first_attested,12.9876,0.0316,0.0,0.0,0.0,0.0,0.0,12.9876,0.0316,,,,,,,,,crf_only,souris,A,,
squelettique,ADJ,C2,beacco,12.9876,0.0316,0.0,0.0,0.0,0.0,0.0,12.9876,0.0316,0.0,0.0,0.0,0.0,0.0,12.833,0.0975,C2,word_pos,squelettique,A,squelettique,ADJ
start - up,NOUN,C2,crf_first_attested,12.9876,0.0316,0.0,0.0,0.0,0.0,0.0,12.9876,0.0316,,,,,,,,,crf_only,start - up,N,,
story,NOUN,C2,crf_first_attested,12.9876,0.0316,0.0,0.0,0.0,0.0,0.0,12.9876,0.0316,,,,,,,,,crf_only,story,N,,
success,ADJ,C2,crf_first_attested,12.9876,0.0316,0.0,0.0,0.0,0.0,0.0,12.9876,0.0316,,,,,,,,,crf_only,success,A,,
sédentaire,NOUN,C2,beacco,12.9876,0.0316,0.0,0.0,0.0,0.0,0.0,12.9876,0.0316,0.0,0.0,0.0,0.0,0.0,25.6659,0.1951,C2,word_pos,sédentaire,N,sédentaire,NOM
talonner,VERB,C2,beacco,12.9876,0.0316,0.0,0.0,0.0,0.0,0.0,12.9876,0.0316,0.0,0.0,0.0,0.0,0.0,12.833,0.0975,C2,word_pos,talonner,V,talonner,VER
techo,NOUN,C2,crf_first_attested,12.9876,0.0316,0.0,0.0,0.0,0.0,0.0,12.9876,0.0316,,,,,,,,,crf_only,techo,N,,
transgresser,VERB,C2,beacco,12.9876,0.0316,0.0,0.0,0.0,0.0,0.0,12.9876,0.0316,0.0,0.0,0.0,0.0,0.0,12.833,0.0975,C2,word_pos,transgresser,V,transgresser,VER
transpiration,NOUN,C2,beacco,12.9876,0.0316,0.0,0.0,0.0,0.0,0.0,12.9876,0.0316,0.0,0.0,0.0,0.0,0.0,12.833,0.0975,C2,word_pos,transpiration,N,transpiration,NOM
traumatisant,ADJ,C2,beacco,12.9876,0.0316,0.0,0.0,0.0,0.0,0.0,12.9876,0.0316,0.0,0.0,0.0,0.0,0.0,12.833,0.0975,C2,word_pos,traumatisant,A,traumatisant,ADJ
turbine,NOUN,C2,beacco,12.9876,0.0316,0.0,0.0,0.0,0.0,0.0,12.9876,0.0316,0.0,0.0,0.0,0.0,0.0,12.833,0.0975,C2,word_pos,turbine,N,turbine,NOM
échocardiographie,NOUN,C2,crf_first_attested,12.9876,0.0316,0.0,0.0,0.0,0.0,0.0,12.9876,0.0316,,,,,,,,,crf_only,échocardiographie,N,,
édifiant,ADJ,C2,beacco,12.9876,0.0316,0.0,0.0,0.0,0.0,0.0,12.9876,0.0316,0.0,0.0,0.0,0.0,0.0,25.6659,0.1951,C2,word_pos,édifiant,A,édifiant,ADJ
éjection,NOUN,C2,beacco,12.9876,0.0316,0.0,0.0,0.0,0.0,0.0,12.9876,0.0316,0.0,0.0,0.0,0.0,0.0,12.833,0.0975,C2,word_pos,éjection,N,éjection,NOM
électrocardiogramme,NOUN,C2,beacco,12.9876,0.0316,0.0,0.0,0.0,0.0,0.0,12.9876,0.0316,0.0,0.0,0.0,0.0,0.0,12.833,0.0975,C2,word_pos,électrocardiogramme,N,électrocardiogramme,NOM
éviction,NOUN,C2,beacco,12.9876,0.0316,0.0,0.0,0.0,0.0,0.0,12.9876,0.0316,0.0,0.0,0.0,0.0,0.0,12.833,0.0975,C2,word_pos,éviction,N,éviction,NOM
évincer,VERB,C2,beacco,12.9876,0.0316,0.0,0.0,0.0,0.0,0.0,12.9876,0.0316,0.0,0.0,0.0,0.0,0.0,12.833,0.0975,C2,word_pos,évincer,V,évincer,VER
acide,ADJ,C2,beacco,12.833,0.0975,,,,,,,,0.0,0.0,0.0,0.0,0.0,12.833,0.0975,C2,beacco_only,,,acide,ADJ
bénigne,ADJ,C2,beacco,12.833,0.0975,,,,,,,,0.0,0.0,0.0,0.0,0.0,12.833,0.0975,C2,beacco_only,,,bénigne,ADJ
carboné,ADJ,C2,beacco,12.833,0.0975,,,,,,,,0.0,0.0,0.0,0.0,0.0,12.833,0.0975,C2,beacco_only,,,carboné,ADJ
chancelière,NOUN,C2,beacco,12.833,0.0975,,,,,,,,0.0,0.0,0.0,0.0,0.0,12.833,0.0975,C2,beacco_only,,,chancelière,NOM
duel,ADJ,C2,beacco,12.833,0.0975,,,,,,,,0.0,0.0,0.0,0.0,0.0,12.833,0.0975,C2,beacco_only,,,duel,ADJ
franco-provençal,NOUN,C2,beacco,12.833,0.0975,,,,,,,,0.0,0.0,0.0,0.0,0.0,12.833,0.0975,C2,beacco_only,,,franco-provençal,NOM
oligo-élément,NOUN,C2,beacco,12.833,0.0975,,,,,,,,0.0,0.0,0.0,0.0,0.0,12.833,0.0975,C2,beacco_only,,,oligo-élément,NOM
passe-passe,NOUN,C2,beacco,12.833,0.0975,,,,,,,,0.0,0.0,0.0,0.0,0.0,12.833,0.0975,C2,beacco_only,,,passe-passe,NOM
percé,ADJ,C2,beacco,12.833,0.0975,,,,,,,,0.0,0.0,0.0,0.0,0.0,12.833,0.0975,C2,beacco_only,,,percé,ADJ
recommandé,ADJ,C2,beacco,12.833,0.0975,,,,,,,,0.0,0.0,0.0,0.0,0.0,12.833,0.0975,C2,beacco_only,,,recommandé,ADJ
régulier,NOUN,C2,beacco,12.833,0.0975,,,,,,,,0.0,0.0,0.0,0.0,0.0,12.833,0.0975,C2,beacco_only,,,régulier,NOM
signalé,ADJ,C2,beacco,12.833,0.0975,,,,,,,,0.0,0.0,0.0,0.0,0.0,12.833,0.0975,C2,beacco_only,,,signalé,ADJ
énergétique,NOUN,C2,beacco,12.833,0.0975,,,,,,,,0.0,0.0,0.0,0.0,0.0,12.833,0.0975,C2,beacco_only,,,énergétique,NOM
au vrai,ADV,C2,crf_first_attested,12.352,0.1995,0.0,0.0,0.0,0.0,0.0,12.352,0.1995,,,,,,,,,crf_only,au vrai,ADV,,
en bouche,ADV,C2,crf_first_attested,12.352,0.1995,0.0,0.0,0.0,0.0,0.0,12.352,0.1995,,,,,,,,,crf_only,en bouche,ADV,,
minéralité,NOUN,C2,beacco,12.352,0.1995,0.0,0.0,0.0,0.0,0.0,12.352,0.1995,0.0,0.0,0.0,0.0,0.0,8.037,0.1315,C2,word_pos,minéralité,N,minéralité,NOM
détoxication,NOUN,C2,beacco,10.2933,0.1663,0.0,0.0,0.0,0.0,0.0,10.2933,0.1663,0.0,0.0,0.0,0.0,0.0,4.0185,0.0657,C2,word_pos,détoxication,N,détoxication,NOM
enzyme,NOUN,C2,crf_first_attested,10.2933,0.1663,0.0,0.0,0.0,0.0,0.0,10.2933,0.1663,,,,,,,,,crf_only,enzyme,N,,
leurre,NOUN,C2,beacco,10.2933,0.1663,0.0,0.0,0.0,0.0,0.0,10.2933,0.1663,0.0,0.0,0.0,0.0,0.0,12.0555,0.1972,C2,word_pos,leurre,N,leurre,NOM
mellifera,VERB,C2,crf_first_attested,10.2933,0.1663,0.0,0.0,0.0,0.0,0.0,10.2933,0.1663,,,,,,,,,crf_only,mellifera,V,,
transcription,NOUN,C2,beacco,10.2933,0.1663,0.0,0.0,0.0,0.0,0.0,10.2933,0.1663,0.0,0.0,0.0,0.0,0.0,4.0185,0.0657,C2,word_pos,transcription,N,transcription,NOM
saxon,NOUN,C2,beacco,9.6228,1.1415,0.0,5.4806,0.0,0.0,0.0,9.6228,1.1415,0.0,0.0,0.0,0.0,0.0,19.328,0.1431,C2,word_pos,saxon,N,saxon,NOM
soluble,ADJ,C2,beacco,9.6228,0.526,0.0,0.0,0.0,0.0,4.101,9.6228,0.526,0.0,0.0,0.0,0.0,0.0,19.328,0.1431,C2,word_pos,soluble,A,soluble,ADJ
abouti,ADJ,C2,crf_first_attested,9.6228,0.0234,0.0,0.0,0.0,0.0,0.0,9.6228,0.0234,,,,,,,,,crf_only,abouti,A,,
abstraction,NOUN,C2,beacco,9.6228,0.0234,0.0,0.0,0.0,0.0,0.0,9.6228,0.0234,0.0,0.0,0.0,0.0,0.0,19.328,0.1431,C2,word_pos,abstraction,N,abstraction,NOM
acacia,NOUN,C2,beacco,9.6228,0.0234,0.0,0.0,0.0,0.0,0.0,9.6228,0.0234,0.0,0.0,0.0,0.0,0.0,19.328,0.1431,C2,word_pos,acacia,N,acacia,NOM
année – lumière,NOUN,C2,crf_first_attested,9.6228,0.0234,0.0,0.0,0.0,0.0,0.0,9.6228,0.0234,,,,,,,,,crf_only,année – lumière,N,,
antifascisme,NOUN,C2,beacco,9.6228,0.0234,0.0,0.0,0.0,0.0,0.0,9.6228,0.0234,0.0,0.0,0.0,0.0,0.0,19.328,0.1431,C2,word_pos,antifascisme,N,antifascisme,NOM
atavisme,NOUN,C2,beacco,9.6228,0.0234,0.0,0.0,0.0,0.0,0.0,9.6228,0.0234,0.0,0.0,0.0,0.0,0.0,19.328,0.1431,C2,word_pos,atavisme,N,atavisme,NOM
au vice,ADV,C2,crf_first_attested,9.6228,0.0234,0.0,0.0,0.0,0.0,0.0,9.6228,0.0234,,,,,,,,,crf_only,au vice,ADV,,
autocentré,ADJ,C2,beacco,9.6228,0.0234,0.0,0.0,0.0,0.0,0.0,9.6228,0.0234,0.0,0.0,0.0,0.0,0.0,19.328,0.1431,C2,word_pos,autocentré,A,autocentré,ADJ
autonome,NOUN,C2,crf_first_attested,9.6228,0.0234,0.0,0.0,0.0,0.0,0.0,9.6228,0.0234,,,,,,,,,crf_only,autonome,N,,
autoréférentiel,ADJ,C2,beacco,9.6228,0.0234,0.0,0.0,0.0,0.0,0.0,9.6228,0.0234,0.0,0.0,0.0,0.0,0.0,19.328,0.1431,C2,word_pos,autoréférentiel,A,autoréférentiel,ADJ
autour de moi,PREP,C2,crf_first_attested,9.6228,0.0234,0.0,0.0,0.0,0.0,0.0,9.6228,0.0234,,,,,,,,,crf_only,autour de moi,PREP,,
beurgeoisie,NOUN,C2,crf_first_attested,9.6228,0.0234,0.0,0.0,0.0,0.0,0.0,9.6228,0.0234,,,,,,,,,crf_only,beurgeoisie,N,,
butiner,VERB,C2,beacco,9.6228,0.0234,0.0,0.0,0.0,0.0,0.0,9.6228,0.0234,0.0,0.0,0.0,0.0,0.0,19.328,0.1431,C2,word_pos,butiner,V,butiner,VER
béké,NOUN,C2,crf_first_attested,9.6228,0.0234,0.0,0.0,0.0,0.0,0.0,9.6228,0.0234,,,,,,,,,crf_only,béké,N,,
caché,ADJ,C2,crf_first_attested,9.6228,0.0234,0.0,0.0,0.0,0.0,0.0,9.6228,0.0234,,,,,,,,,crf_only,caché,A,,
cafetan,NOUN,C2,beacco,9.6228,0.0234,0.0,0.0,0.0,0.0,0.0,9.6228,0.0234,0.0,0.0,0.0,0.0,0.0,19.328,0.1431,C2,word_pos,cafetan,N,cafetan,NOM
caraïbe,ADJ,C2,beacco,9.6228,0.0234,0.0,0.0,0.0,0.0,0.0,9.6228,0.0234,0.0,0.0,0.0,0.0,0.0,19.328,0.1431,C2,word_pos,caraïbe,A,caraïbe,ADJ
carcan,NOUN,C2,beacco,9.6228,0.0234,0.0,0.0,0.0,0.0,0.0,9.6228,0.0234,0.0,0.0,0.0,0.0,0.0,19.328,0.1431,C2,word_pos,carcan,N,carcan,NOM
chantre,NOUN,C2,beacco,9.6228,0.0234,0.0,0.0,0.0,0.0,0.0,9.6228,0.0234,0.0,0.0,0.0,0.0,0.0,19.328,0.1431,C2,word_pos,chantre,N,chantre,NOM
clairvoyance,NOUN,C2,beacco,9.6228,0.0234,0.0,0.0,0.0,0.0,0.0,9.6228,0.0234,0.0,0.0,0.0,0.0,0.0,19.328,0.1431,C2,word_pos,clairvoyance,N,clairvoyance,NOM
cliver,VERB,C2,beacco,9.6228,0.0234,0.0,0.0,0.0,0.0,0.0,9.6228,0.0234,0.0,0.0,0.0,0.0,0.0,19.328,0.1431,C2,word_pos,cliver,V,cliver,VER
contractualiser,VERB,C2,crf_first_attested,9.6228,0.0234,0.0,0.0,0.0,0.0,0.0,9.6228,0.0234,,,,,,,,,crf_only,contractualiser,V,,
contractuel,NOUN,C2,beacco,9.6228,0.0234,0.0,0.0,0.0,0.0,0.0,9.6228,0.0234,0.0,0.0,0.0,0.0,0.0,19.328,0.1431,C2,word_pos,contractuel,N,contractuel,NOM
contrasté,ADJ,C2,crf_first_attested,9.6228,0.0234,0.0,0.0,0.0,0.0,0.0,9.6228,0.0234,,,,,,,,,crf_only,contrasté,A,,
contrebalancer,VERB,C2,beacco,9.6228,0.0234,0.0,0.0,0.0,0.0,0.0,9.6228,0.0234,0.0,0.0,0.0,0.0,0.0,19.328,0.1431,C2,word_pos,contrebalancer,V,contrebalancer,VER
contrepoint,NOUN,C2,beacco,9.6228,0.0234,0.0,0.0,0.0,0.0,0.0,9.6228,0.0234,0.0,0.0,0.0,0.0,0.0,19.328,0.1431,C2,word_pos,contrepoint,N,contrepoint,NOM
corriere,NOUN,C2,crf_first_attested,9.6228,0.0234,0.0,0.0,0.0,0.0,0.0,9.6228,0.0234,,,,,,,,,crf_only,corriere,N,,
corrélation,NOUN,C2,beacco,9.6228,0.0234,0.0,0.0,0.0,0.0,0.0,9.6228,0.0234,0.0,0.0,0.0,0.0,0.0,19.328,0.1431,C2,word_pos,corrélation,N,corrélation,NOM
cotation,NOUN,C2,beacco,9.6228,0.0234,0.0,0.0,0.0,0.0,0.0,9.6228,0.0234,0.0,0.0,0.0,0.0,0.0,19.328,0.1431,C2,word_pos,cotation,N,cotation,NOM
cotiser,VERB,C2,beacco,9.6228,0.0234,0.0,0.0,0.0,0.0,0.0,9.6228,0.0234,0.0,0.0,0.0,0.0,0.0,19.328,0.1431,C2,word_pos,cotiser,V,cotiser,VER
cristallisé,ADJ,C2,crf_first_attested,9.6228,0.0234,0.0,0.0,0.0,0.0,0.0,9.6228,0.0234,,,,,,,,,crf_only,cristallisé,A,,
della,X,C2,crf_first_attested,9.6228,0.0234,0.0,0.0,0.0,0.0,0.0,9.6228,0.0234,,,,,,,,,crf_only,della,X,,
dessous,PREP,C2,crf_first_attested,9.6228,0.0234,0.0,0.0,0.0,0.0,0.0,9.6228,0.0234,,,,,,,,,crf_only,dessous,PREP,,
distorsion,NOUN,C2,beacco,9.6228,0.0234,0.0,0.0,0.0,0.0,0.0,9.6228,0.0234,0.0,0.0,0.0,0.0,0.0,19.328,0.1431,C2,word_pos,distorsion,N,distorsion,NOM
docile,ADJ,C2,beacco,9.6228,0.0234,0.0,0.0,0.0,0.0,0.0,9.6228,0.0234,0.0,0.0,0.0,0.0,0.0,19.328,0.1431,C2,word_pos,docile,A,docile,ADJ
donc d' emblée,ADV,C2,crf_first_attested,9.6228,0.0234,0.0,0.0,0.0,0.0,0.0,9.6228,0.0234,,,,,,,,,crf_only,donc d' emblée,ADV,,
décréolisé,ADJ,C2,crf_first_attested,9.6228,0.0234,0.0,0.0,0.0,0.0,0.0,9.6228,0.0234,,,,,,,,,crf_only,décréolisé,A,,
dédoublé,NOUN,C2,crf_first_attested,9.6228,0.0234,0.0,0.0,0.0,0.0,0.0,9.6228,0.0234,,,,,,,,,crf_only,dédoublé,N,,
dégras,NOUN,C2,beacco,9.6228,0.0234,0.0,0.0,0.0,0.0,0.0,9.6228,0.0234,0.0,0.0,0.0,0.0,0.0,19.328,0.1431,C2,word_pos,dégras,N,dégras,NOM
délégitimation,NOUN,C2,crf_first_attested,9.6228,0.0234,0.0,0.0,0.0,0.0,0.0,9.6228,0.0234,,,,,,,,,crf_only,délégitimation,N,,
délétère,ADJ,C2,beacco,9.6228,0.0234,0.0,0.0,0.0,0.0,0.0,9.6228,0.0234,0.0,0.0,0.0,0.0,0.0,19.328,0.1431,C2,word_pos,délétère,A,délétère,ADJ
déontologique,ADJ,C2,beacco,9.6228,0.0234,0.0,0.0,0.0,0.0,0.0,9.6228,0.0234,0.0,0.0,0.0,0.0,0.0,19.328,0.1431,C2,word_pos,déontologique,A,déontologique,ADJ
déscolariser,VERB,C2,crf_first_attested,9.6228,0.0234,0.0,0.0,0.0,0.0,0.0,9.6228,0.0234,,,,,,,,,crf_only,déscolariser,V,,
embryonnaire,ADJ,C2,beacco,9.6228,0.0234,0.0,0.0,0.0,0.0,0.0,9.6228,0.0234,0.0,0.0,0.0,0.0,0.0,19.328,0.1431,C2,word_pos,embryonnaire,A,embryonnaire,ADJ
en reste,ADV,C2,crf_first_attested,9.6228,0.0234,0.0,0.0,0.0,0.0,0.0,9.6228,0.0234,,,,,,,,,crf_only,en reste,ADV,,
entertainment,NOUN,C2,crf_first_attested,9.6228,0.0234,0.0,0.0,0.0,0.0,0.0,9.6228,0.0234,,,,,,,,,crf_only,entertainment,N,,
estomper,VERB,C2,beacco,9.6228,0.0234,0.0,0.0,0.0,0.0,0.0,9.6228,0.0234,0.0,0.0,0.0,0.0,0.0,19.328,0.1431,C2,word_pos,estomper,V,estomper,VER
expérimentalement,ADV,C2,beacco,9.6228,0.0234,0.0,0.0,0.0,0.0,0.0,9.6228,0.0234,0.0,0.0,0.0,0.0,0.0,19.328,0.1431,C2,word_pos,expérimentalement,ADV,expérimentalement,ADV
faiseur,NOUN,C2,beacco,9.6228,0.0234,0.0,0.0,0.0,0.0,0.0,9.6228,0.0234,0.0,0.0,0.0,0.0,0.0,19.328,0.1431,C2,word_pos,faiseur,N,faiseur,NOM
frissonnant,ADJ,C2,beacco,9.6228,0.0234,0.0,0.0,0.0,0.0,0.0,9.6228,0.0234,0.0,0.0,0.0,0.0,0.0,19.328,0.1431,C2,word_pos,frissonnant,A,frissonnant,ADJ
fusionner,VERB,C2,beacco,9.6228,0.0234,0.0,0.0,0.0,0.0,0.0,9.6228,0.0234,0.0,0.0,0.0,0.0,0.0,19.328,0.1431,C2,word_pos,fusionner,V,fusionner,VER
génocide,NOUN,C2,beacco,9.6228,0.0234,0.0,0.0,0.0,0.0,0.0,9.6228,0.0234,0.0,0.0,0.0,0.0,0.0,19.328,0.1431,C2,word_pos,génocide,N,génocide,NOM
harde,NOUN,C2,crf_first_attested,9.6228,0.0234,0.0,0.0,0.0,0.0,0.0,9.6228,0.0234,,,,,,,,,crf_only,harde,N,,
hiérarchisation,NOUN,C2,beacco,9.6228,0.0234,0.0,0.0,0.0,0.0,0.0,9.6228,0.0234,0.0,0.0,0.0,0.0,0.0,19.328,0.1431,C2,word_pos,hiérarchisation,N,hiérarchisation,NOM
immersion,NOUN,C2,beacco,9.6228,0.0234,0.0,0.0,0.0,0.0,0.0,9.6228,0.0234,0.0,0.0,0.0,0.0,0.0,19.328,0.1431,C2,word_pos,immersion,N,immersion,NOM
implicitement,ADV,C2,beacco,9.6228,0.0234,0.0,0.0,0.0,0.0,0.0,9.6228,0.0234,0.0,0.0,0.0,0.0,0.0,19.328,0.1431,C2,word_pos,implicitement,ADV,implicitement,ADV
import,NOUN,C2,beacco,9.6228,0.0234,0.0,0.0,0.0,0.0,0.0,9.6228,0.0234,0.0,0.0,0.0,0.0,0.0,19.328,0.1431,C2,word_pos,import,N,import,NOM
in vitro,ADV,C2,crf_first_attested,9.6228,0.0234,0.0,0.0,0.0,0.0,0.0,9.6228,0.0234,,,,,,,,,crf_only,in vitro,ADV,,
incitant,NOUN,C2,beacco,9.6228,0.0234,0.0,0.0,0.0,0.0,0.0,9.6228,0.0234,0.0,0.0,0.0,0.0,0.0,19.328,0.1431,C2,word_pos,incitant,N,incitant,NOM
inerme,ADJ,C2,crf_first_attested,9.6228,0.0234,0.0,0.0,0.0,0.0,0.0,9.6228,0.0234,,,,,,,,,crf_only,inerme,A,,
instructif,ADJ,C2,beacco,9.6228,0.0234,0.0,0.0,0.0,0.0,0.0,9.6228,0.0234,0.0,0.0,0.0,0.0,0.0,19.328,0.1431,C2,word_pos,instructif,A,instructif,ADJ
internationaliste,ADJ,C2,beacco,9.6228,0.0234,0.0,0.0,0.0,0.0,0.0,9.6228,0.0234,0.0,0.0,0.0,0.0,0.0,19.328,0.1431,C2,word_pos,internationaliste,A,internationaliste,ADJ
intuitivement,ADV,C2,beacco,9.6228,0.0234,0.0,0.0,0.0,0.0,0.0,9.6228,0.0234,0.0,0.0,0.0,0.0,0.0,19.328,0.1431,C2,word_pos,intuitivement,ADV,intuitivement,ADV
itinéraire,ADJ,C2,crf_first_attested,9.6228,0.0234,0.0,0.0,0.0,0.0,0.0,9.6228,0.0234,,,,,,,,,crf_only,itinéraire,A,,
jusque au cas limite où,PREP,C2,crf_first_attested,9.6228,0.0234,0.0,0.0,0.0,0.0,0.0,9.6228,0.0234,,,,,,,,,crf_only,jusque au cas limite où,PREP,,
jusque au fonctionnement du,PREP,C2,crf_first_attested,9.6228,0.0234,0.0,0.0,0.0,0.0,0.0,9.6228,0.0234,,,,,,,,,crf_only,jusque au fonctionnement du,PREP,,
koulis,NOUN,C2,crf_first_attested,9.6228,0.0234,0.0,0.0,0.0,0.0,0.0,9.6228,0.0234,,,,,,,,,crf_only,koulis,N,,
laboureur,NOUN,C2,beacco,9.6228,0.0234,0.0,0.0,0.0,0.0,0.0,9.6228,0.0234,0.0,0.0,0.0,0.0,0.0,19.328,0.1431,C2,word_pos,laboureur,N,laboureur,NOM
lignée,NOUN,C2,beacco,9.6228,0.0234,0.0,0.0,0.0,0.0,0.0,9.6228,0.0234,0.0,0.0,0.0,0.0,0.0,19.328,0.1431,C2,word_pos,lignée,N,lignée,NOM
lyncheur,NOUN,C2,beacco,9.6228,0.0234,0.0,0.0,0.0,0.0,0.0,9.6228,0.0234,0.0,0.0,0.0,0.0,0.0,19.328,0.1431,C2,word_pos,lyncheur,N,lyncheur,NOM
maghréboféminin,ADJ,C2,crf_first_attested,9.6228,0.0234,0.0,0.0,0.0,0.0,0.0,9.6228,0.0234,,,,,,,,,crf_only,maghréboféminin,A,,
maintenance,NOUN,C2,beacco,9.6228,0.0234,0.0,0.0,0.0,0.0,0.0,9.6228,0.0234,0.0,0.0,0.0,0.0,0.0,19.328,0.1431,C2,word_pos,maintenance,N,maintenance,NOM
managérial,ADJ,C2,crf_first_attested,9.6228,0.0234,0.0,0.0,0.0,0.0,0.0,9.6228,0.0234,,,,,,,,,crf_only,managérial,A,,
marionnettes,NOUN,C2,crf_first_attested,9.6228,0.0234,0.0,0.0,0.0,0.0,0.0,9.6228,0.0234,,,,,,,,,crf_only,marionnettes,N,,
marquage,NOUN,C2,beacco,9.6228,0.0234,0.0,0.0,0.0,0.0,0.0,9.6228,0.0234,0.0,0.0,0.0,0.0,0.0,19.328,0.1431,C2,word_pos,marquage,N,marquage,NOM
mettre la main dessus,VERB,C2,crf_first_attested,9.6228,0.0234,0.0,0.0,0.0,0.0,0.0,9.6228,0.0234,,,,,,,,,crf_only,mettre la main dessus,V,,
monopolistique,ADJ,C2,beacco,9.6228,0.0234,0.0,0.0,0.0,0.0,0.0,9.6228,0.0234,0.0,0.0,0.0,0.0,0.0,19.328,0.1431,C2,word_pos,monopolistique,A,monopolistique,ADJ
muqueux,ADJ,C2,crf_first_attested,9.6228,0.0234,0.0,0.0,0.0,0.0,0.0,9.6228,0.0234,,,,,,,,,crf_only,muqueux,A,,
nadiamessai,NOUN,C2,crf_first_attested,9.6228,0.0234,0.0,0.0,0.0,0.0,0.0,9.6228,0.0234,,,,,,,,,crf_only,nadiamessai,N,,
narratif,ADJ,C2,beacco,9.6228,0.0234,0.0,0.0,0.0,0.0,0.0,9.6228,0.0234,0.0,0.0,0.0,0.0,0.0,19.328,0.1431,C2,word_pos,narratif,A,narratif,ADJ
nasal,ADJ,C2,beacco,9.6228,0.0234,0.0,0.0,0.0,0.0,0.0,9.6228,0.0234,0.0,0.0,0.0,0.0,0.0,19.328,0.1431,C2,word_pos,nasal,A,nasal,ADJ
neurostéroides,NOUN,C2,crf_first_attested,9.6228,0.0234,0.0,0.0,0.0,0.0,0.0,9.6228,0.0234,,,,,,,,,crf_only,neurostéroides,N,,
nouveau - né,NOUN,C2,crf_first_attested,9.6228,0.0234,0.0,0.0,0.0,0.0,0.0,9.6228,0.0234,,,,,,,,,crf_only,nouveau - né,N,,
orteil,NOUN,C2,beacco,9.6228,0.0234,0.0,0.0,0.0,0.0,0.0,9.6228,0.0234,0.0,0.0,0.0,0.0,0.0,19.328,0.1431,C2,word_pos,orteil,N,orteil,NOM
oxydation,NOUN,C2,beacco,9.6228,0.0234,0.0,0.0,0.0,0.0,0.0,9.6228,0.0234,0.0,0.0,0.0,0.0,0.0,19.328,0.1431,C2,word_pos,oxydation,N,oxydation,NOM
paroler,NOUN,C2,crf_first_attested,9.6228,0.0234,0.0,0.0,0.0,0.0,0.0,9.6228,0.0234,,,,,,,,,crf_only,paroler,N,,
peopolisation,NOUN,C2,crf_first_attested,9.6228,0.0234,0.0,0.0,0.0,0.0,0.0,9.6228,0.0234,,,,,,,,,crf_only,peopolisation,N,,
perversité,NOUN,C2,beacco,9.6228,0.0234,0.0,0.0,0.0,0.0,0.0,9.6228,0.0234,0.0,0.0,0.0,0.0,0.0,19.328,0.1431,C2,word_pos,perversité,N,perversité,NOM
pesanteur,NOUN,C2,beacco,9.6228,0.0234,0.0,0.0,0.0,0.0,0.0,9.6228,0.0234,0.0,0.0,0.0,0.0,0.0,19.328,0.1431,C2,word_pos,pesanteur,N,pesanteur,NOM
planifier,VERB,C2,beacco,9.6228,0.0234,0.0,0.0,0.0,0.0,0.0,9.6228,0.0234,0.0,0.0,0.0,0.0,0.0,19.328,0.1431,C2,word_pos,planifier,V,planifier,VER
pluricentrique,ADJ,C2,crf_first_attested,9.6228,0.0234,0.0,0.0,0.0,0.0,0.0,9.6228,0.0234,,,,,,,,,crf_only,pluricentrique,A,,
pluriel,NOUN,C2,beacco,9.6228,0.0234,0.0,0.0,0.0,0.0,0.0,9.6228,0.0234,0.0,0.0,0.0,0.0,0.0,19.328,0.1431,C2,word_pos,pluriel,N,pluriel,NOM
postuler,VERB,C2,beacco,9.6228,0.0234,0.0,0.0,0.0,0.0,0.0,9.6228,0.0234,0.0,0.0,0.0,0.0,0.0,19.328,0.1431,C2,word_pos,postuler,V,postuler,VER
procédural,ADJ,C2,beacco,9.6228,0.0234,0.0,0.0,0.0,0.0,0.0,9.6228,0.0234,0.0,0.0,0.0,0.0,0.0,19.328,0.1431,C2,word_pos,procédural,A,procédural,ADJ
protéiforme,ADJ,C2,beacco,9.6228,0.0234,0.0,0.0,0.0,0.0,0.0,9.6228,0.0234,0.0,0.0,0.0,0.0,0.0,19.328,0.1431,C2,word_pos,protéiforme,A,protéiforme,ADJ
pseudo - carrière,NOUN,C2,crf_first_attested,9.6228,0.0234,0.0,0.0,0.0,0.0,0.0,9.6228,0.0234,,,,,,,,,crf_only,pseudo - carrière,N,,
psychanalyse,NOUN,C2,beacco,9.6228,0.0234,0.0,0.0,0.0,0.0,0.0,9.6228,0.0234,0.0,0.0,0.0,0.0,0.0,19.328,0.1431,C2,word_pos,psychanalyse,N,psychanalyse,NOM
psychisme,NOUN,C2,beacco,9.6228,0.0234,0.0,0.0,0.0,0.0,0.0,9.6228,0.0234,0.0,0.0,0.0,0.0,0.0,19.328,0.1431,C2,word_pos,psychisme,N,psychisme,NOM
psychosomaticienne,NOUN,C2,crf_first_attested,9.6228,0.0234,0.0,0.0,0.0,0.0,0.0,9.6228,0.0234,,,,,,,,,crf_only,psychosomaticienne,N,,
ragréage,NOUN,C2,beacco,9.6228,0.0234,0.0,0.0,0.0,0.0,0.0,9.6228,0.0234,0.0,0.0,0.0,0.0,0.0,19.328,0.1431,C2,word_pos,ragréage,N,ragréage,NOM
recru,ADJ,C2,beacco,9.6228,0.0234,0.0,0.0,0.0,0.0,0.0,9.6228,0.0234,0.0,0.0,0.0,0.0,0.0,19.328,0.1431,C2,word_pos,recru,A,recru,ADJ
relationnel,ADJ,C2,beacco,9.6228,0.0234,0.0,0.0,0.0,0.0,0.0,9.6228,0.0234,0.0,0.0,0.0,0.0,0.0,19.328,0.1431,C2,word_pos,relationnel,A,relationnel,ADJ
revitaliser,VERB,C2,beacco,9.6228,0.0234,0.0,0.0,0.0,0.0,0.0,9.6228,0.0234,0.0,0.0,0.0,0.0,0.0,19.328,0.1431,C2,word_pos,revitaliser,V,revitaliser,VER
rocaille,NOUN,C2,beacco,9.6228,0.0234,0.0,0.0,0.0,0.0,0.0,9.6228,0.0234,0.0,0.0,0.0,0.0,0.0,19.328,0.1431,C2,word_pos,rocaille,N,rocaille,NOM
réductible,ADJ,C2,beacco,9.6228,0.0234,0.0,0.0,0.0,0.0,0.0,9.6228,0.0234,0.0,0.0,0.0,0.0,0.0,19.328,0.1431,C2,word_pos,réductible,A,réductible,ADJ
réfractaire,NOUN,C2,beacco,9.6228,0.0234,0.0,0.0,0.0,0.0,0.0,9.6228,0.0234,0.0,0.0,0.0,0.0,0.0,19.328,0.1431,C2,unique_word,réfractaire,N,réfractaire,ADJ
régénérescence,NOUN,C2,beacco,9.6228,0.0234,0.0,0.0,0.0,0.0,0.0,9.6228,0.0234,0.0,0.0,0.0,0.0,0.0,19.328,0.1431,C2,word_pos,régénérescence,N,régénérescence,NOM
rénovation,NOUN,C2,beacco,9.6228,0.0234,0.0,0.0,0.0,0.0,0.0,9.6228,0.0234,0.0,0.0,0.0,0.0,0.0,19.328,0.1431,C2,word_pos,rénovation,N,rénovation,NOM
réprobation,NOUN,C2,beacco,9.6228,0.0234,0.0,0.0,0.0,0.0,0.0,9.6228,0.0234,0.0,0.0,0.0,0.0,0.0,19.328,0.1431,C2,word_pos,réprobation,N,réprobation,NOM
réquisitoire,NOUN,C2,beacco,9.6228,0.0234,0.0,0.0,0.0,0.0,0.0,9.6228,0.0234,0.0,0.0,0.0,0.0,0.0,19.328,0.1431,C2,word_pos,réquisitoire,N,réquisitoire,NOM
schizo,ADJ,C2,beacco,9.6228,0.0234,0.0,0.0,0.0,0.0,0.0,9.6228,0.0234,0.0,0.0,0.0,0.0,0.0,19.328,0.1431,C2,unique_word,schizo,A,schizo,NOM
schizophrène,ADJ,C2,beacco,9.6228,0.0234,0.0,0.0,0.0,0.0,0.0,9.6228,0.0234,0.0,0.0,0.0,0.0,0.0,19.328,0.1431,C2,unique_word,schizophrène,A,schizophrène,NOM
socio - linguistique,ADJ,C2,crf_first_attested,9.6228,0.0234,0.0,0.0,0.0,0.0,0.0,9.6228,0.0234,,,,,,,,,crf_only,socio - linguistique,A,,
sporadiquement,ADV,C2,beacco,9.6228,0.0234,0.0,0.0,0.0,0.0,0.0,9.6228,0.0234,0.0,0.0,0.0,0.0,0.0,19.328,0.1431,C2,word_pos,sporadiquement,ADV,sporadiquement,ADV
stagnation,NOUN,C2,beacco,9.6228,0.0234,0.0,0.0,0.0,0.0,0.0,9.6228,0.0234,0.0,0.0,0.0,0.0,0.0,19.328,0.1431,C2,word_pos,stagnation,N,stagnation,NOM
sucrier,ADJ,C2,beacco,9.6228,0.0234,0.0,0.0,0.0,0.0,0.0,9.6228,0.0234,0.0,0.0,0.0,0.0,0.0,19.328,0.1431,C2,word_pos,sucrier,A,sucrier,ADJ
suite à de,PREP,C2,crf_first_attested,9.6228,0.0234,0.0,0.0,0.0,0.0,0.0,9.6228,0.0234,,,,,,,,,crf_only,suite à de,PREP,,
swahili,NOUN,C2,beacco,9.6228,0.0234,0.0,0.0,0.0,0.0,0.0,9.6228,0.0234,0.0,0.0,0.0,0.0,0.0,19.328,0.1431,C2,word_pos,swahili,N,swahili,NOM
syntaxe,NOUN,C2,beacco,9.6228,0.0234,0.0,0.0,0.0,0.0,0.0,9.6228,0.0234,0.0,0.0,0.0,0.0,0.0,19.328,0.1431,C2,word_pos,syntaxe,N,syntaxe,NOM
sédentaire,ADJ,C2,beacco,9.6228,0.0234,0.0,0.0,0.0,0.0,0.0,9.6228,0.0234,0.0,0.0,0.0,0.0,0.0,19.328,0.1431,C2,word_pos,sédentaire,A,sédentaire,ADJ
titularisation,NOUN,C2,beacco,9.6228,0.0234,0.0,0.0,0.0,0.0,0.0,9.6228,0.0234,0.0,0.0,0.0,0.0,0.0,19.328,0.1431,C2,word_pos,titularisation,N,titularisation,NOM
tontine,NOUN,C2,beacco,9.6228,0.0234,0.0,0.0,0.0,0.0,0.0,9.6228,0.0234,0.0,0.0,0.0,0.0,0.0,19.328,0.1431,C2,word_pos,tontine,N,tontine,NOM
trimestriel,ADJ,C2,beacco,9.6228,0.0234,0.0,0.0,0.0,0.0,0.0,9.6228,0.0234,0.0,0.0,0.0,0.0,0.0,19.328,0.1431,C2,word_pos,trimestriel,A,trimestriel,ADJ
tyrannique,ADJ,C2,beacco,9.6228,0.0234,0.0,0.0,0.0,0.0,0.0,9.6228,0.0234,0.0,0.0,0.0,0.0,0.0,19.328,0.1431,C2,word_pos,tyrannique,A,tyrannique,ADJ
télégénique,ADJ,C2,beacco,9.6228,0.0234,0.0,0.0,0.0,0.0,0.0,9.6228,0.0234,0.0,0.0,0.0,0.0,0.0,19.328,0.1431,C2,word_pos,télégénique,A,télégénique,ADJ
ubuesque,ADJ,C2,beacco,9.6228,0.0234,0.0,0.0,0.0,0.0,0.0,9.6228,0.0234,0.0,0.0,0.0,0.0,0.0,19.328,0.1431,C2,word_pos,ubuesque,A,ubuesque,ADJ
vernaculaire,ADJ,C2,beacco,9.6228,0.0234,0.0,0.0,0.0,0.0,0.0,9.6228,0.0234,0.0,0.0,0.0,0.0,0.0,19.328,0.1431,C2,word_pos,vernaculaire,A,vernaculaire,ADJ
versatilité,NOUN,C2,beacco,9.6228,0.0234,0.0,0.0,0.0,0.0,0.0,9.6228,0.0234,0.0,0.0,0.0,0.0,0.0,19.328,0.1431,C2,word_pos,versatilité,N,versatilité,NOM
violoncelle,NOUN,C2,beacco,9.6228,0.0234,0.0,0.0,0.0,0.0,0.0,9.6228,0.0234,0.0,0.0,0.0,0.0,0.0,19.328,0.1431,C2,word_pos,violoncelle,N,violoncelle,NOM
visualiser,VERB,C2,beacco,9.6228,0.0234,0.0,0.0,0.0,0.0,0.0,9.6228,0.0234,0.0,0.0,0.0,0.0,0.0,19.328,0.1431,C2,word_pos,visualiser,V,visualiser,VER
w,ADJ,C2,crf_first_attested,9.6228,0.0234,0.0,0.0,0.0,0.0,0.0,9.6228,0.0234,,,,,,,,,crf_only,w,A,,
zeit,X,C2,crf_first_attested,9.6228,0.0234,0.0,0.0,0.0,0.0,0.0,9.6228,0.0234,,,,,,,,,crf_only,zeit,X,,
à la différence de,PREP,C2,crf_first_attested,9.6228,0.0234,0.0,0.0,0.0,0.0,0.0,9.6228,0.0234,,,,,,,,,crf_only,à la différence de,PREP,,
énonciation,NOUN,C2,beacco,9.6228,0.0234,0.0,0.0,0.0,0.0,0.0,9.6228,0.0234,0.0,0.0,0.0,0.0,0.0,19.328,0.1431,C2,word_pos,énonciation,N,énonciation,NOM
épanchement,NOUN,C2,beacco,9.6228,0.0234,0.0,0.0,0.0,0.0,0.0,9.6228,0.0234,0.0,0.0,0.0,0.0,0.0,19.328,0.1431,C2,word_pos,épanchement,N,épanchement,NOM
éthiquement,ADV,C2,crf_first_attested,9.6228,0.0234,0.0,0.0,0.0,0.0,0.0,9.6228,0.0234,,,,,,,,,crf_only,éthiquement,ADV,,
agrume,NOUN,C2,beacco,8.2347,0.133,0.0,0.0,0.0,0.0,0.0,8.2347,0.133,0.0,0.0,0.0,0.0,0.0,8.037,0.1315,C2,word_pos,agrume,N,agrume,NOM
fruité,ADJ,C2,beacco,8.037,0.1315,,,,,,,,0.0,0.0,0.0,0.0,0.0,8.037,0.1315,C2,beacco_only,,,fruité,ADJ
musclé,ADJ,C2,beacco,6.4938,2.3121,0.0,0.3918,0.4152,1.5856,0.0,6.4938,2.3121,0.0,0.0,0.0,0.8102,0.0,0.0,0.0218,C2,word_pos,musclé,A,musclé,ADJ
pédagogue,NOUN,C2,beacco,6.4938,0.6856,0.0,0.0,1.0854,0.0,0.0,6.4938,0.6856,0.0,0.0,0.0,0.0,0.0,12.833,0.0975,C2,word_pos,pédagogue,N,pédagogue,NOM
aboutissement,NOUN,C2,beacco,6.4938,0.0158,0.0,0.0,0.0,0.0,0.0,6.4938,0.0158,0.0,0.0,0.0,0.0,0.0,12.833,0.0975,C2,word_pos,aboutissement,N,aboutissement,NOM
affect,NOUN,C2,beacco,6.4938,0.0158,0.0,0.0,0.0,0.0,0.0,6.4938,0.0158,0.0,0.0,0.0,0.0,0.0,12.833,0.0975,C2,word_pos,affect,N,affect,NOM
au pouvoir,ADV,C2,crf_first_attested,6.4938,0.0158,0.0,0.0,0.0,0.0,0.0,6.4938,0.0158,,,,,,,,,crf_only,au pouvoir,ADV,,
avarie,NOUN,C2,beacco,6.4938,0.0158,0.0,0.0,0.0,0.0,0.0,6.4938,0.0158,0.0,0.0,0.0,0.0,0.0,12.833,0.0975,C2,word_pos,avarie,N,avarie,NOM
avoir partir,VERB,C2,crf_first_attested,6.4938,0.0158,0.0,0.0,0.0,0.0,0.0,6.4938,0.0158,,,,,,,,,crf_only,avoir partir,V,,
brasser,VERB,C2,beacco,6.4938,0.0158,0.0,0.0,0.0,0.0,0.0,6.4938,0.0158,0.0,0.0,0.0,0.0,0.0,12.833,0.0975,C2,word_pos,brasser,V,brasser,VER
cavité,NOUN,C2,beacco,6.4938,0.0158,0.0,0.0,0.0,0.0,0.0,6.4938,0.0158,0.0,0.0,0.0,0.0,0.0,12.833,0.0975,C2,word_pos,cavité,N,cavité,NOM
choyer,VERB,C2,beacco,6.4938,0.0158,0.0,0.0,0.0,0.0,0.0,6.4938,0.0158,0.0,0.0,0.0,0.0,0.0,12.833,0.0975,C2,word_pos,choyer,V,choyer,VER
combustion,NOUN,C2,beacco,6.4938,0.0158,0.0,0.0,0.0,0.0,0.0,6.4938,0.0158,0.0,0.0,0.0,0.0,0.0,12.833,0.0975,C2,word_pos,combustion,N,combustion,NOM
configuration,NOUN,C2,beacco,6.4938,0.0158,0.0,0.0,0.0,0.0,0.0,6.4938,0.0158,0.0,0.0,0.0,0.0,0.0,12.833,0.0975,C2,word_pos,configuration,N,configuration,NOM
coronaire,ADJ,C2,beacco,6.4938,0.0158,0.0,0.0,0.0,0.0,0.0,6.4938,0.0158,0.0,0.0,0.0,0.0,0.0,12.833,0.0975,C2,word_pos,coronaire,A,coronaire,ADJ
câlin,NOUN,C2,beacco,6.4938,0.0158,0.0,0.0,0.0,0.0,0.0,6.4938,0.0158,0.0,0.0,0.0,0.0,0.0,12.833,0.0975,C2,word_pos,câlin,N,câlin,NOM
datang,X,C2,crf_first_attested,6.4938,0.0158,0.0,0.0,0.0,0.0,0.0,6.4938,0.0158,,,,,,,,,crf_only,datang,X,,
diurèse,NOUN,C2,beacco,6.4938,0.0158,0.0,0.0,0.0,0.0,0.0,6.4938,0.0158,0.0,0.0,0.0,0.0,0.0,12.833,0.0975,C2,word_pos,diurèse,N,diurèse,NOM
donc espoir,ADV,C2,crf_first_attested,6.4938,0.0158,0.0,0.0,0.0,0.0,0.0,6.4938,0.0158,,,,,,,,,crf_only,donc espoir,ADV,,
dès que l',CONJ,C2,crf_first_attested,6.4938,0.0158,0.0,0.0,0.0,0.0,0.0,6.4938,0.0158,,,,,,,,,crf_only,dès que l',CONJS,,
défaitisme,NOUN,C2,beacco,6.4938,0.0158,0.0,0.0,0.0,0.0,0.0,6.4938,0.0158,0.0,0.0,0.0,0.0,0.0,12.833,0.0975,C2,word_pos,défaitisme,N,défaitisme,NOM
délibération,NOUN,C2,beacco,6.4938,0.0158,0.0,0.0,0.0,0.0,0.0,6.4938,0.0158,0.0,0.0,0.0,0.0,0.0,12.833,0.0975,C2,word_pos,délibération,N,délibération,NOM
désaffectation,NOUN,C2,beacco,6.4938,0.0158,0.0,0.0,0.0,0.0,0.0,6.4938,0.0158,0.0,0.0,0.0,0.0,0.0,12.833,0.0975,C2,word_pos,désaffectation,N,désaffectation,NOM
déshabillé,NOUN,C2,crf_first_attested,6.4938,0.0158,0.0,0.0,0.0,0.0,0.0,6.4938,0.0158,,,,,,,,,crf_only,déshabillé,N,,
embonpoint,NOUN,C2,beacco,6.4938,0.0158,0.0,0.0,0.0,0.0,0.0,6.4938,0.0158,0.0,0.0,0.0,0.0,0.0,12.833,0.0975,C2,word_pos,embonpoint,N,embonpoint,NOM
encouragement,NOUN,C2,beacco,6.4938,0.0158,0.0,0.0,0.0,0.0,0.0,6.4938,0.0158,0.0,0.0,0.0,0.0,0.0,12.833,0.0975,C2,word_pos,encouragement,N,encouragement,NOM
endettement,NOUN,C2,beacco,6.4938,0.0158,0.0,0.0,0.0,0.0,0.0,6.4938,0.0158,0.0,0.0,0.0,0.0,0.0,12.833,0.0975,C2,word_pos,endettement,N,endettement,NOM
enhardir,VERB,C2,beacco,6.4938,0.0158,0.0,0.0,0.0,0.0,0.0,6.4938,0.0158,0.0,0.0,0.0,0.0,0.0,12.833,0.0975,C2,word_pos,enhardir,V,enhardir,VER
executive,X,C2,crf_first_attested,6.4938,0.0158,0.0,0.0,0.0,0.0,0.0,6.4938,0.0158,,,,,,,,,crf_only,executive,X,,
franquisme,NOUN,C2,beacco,6.4938,0.0158,0.0,0.0,0.0,0.0,0.0,6.4938,0.0158,0.0,0.0,0.0,0.0,0.0,12.833,0.0975,C2,word_pos,franquisme,N,franquisme,NOM
greffe,NOUN,C2,beacco,6.4938,0.0158,0.0,0.0,0.0,0.0,0.0,6.4938,0.0158,0.0,0.0,0.0,0.0,0.0,12.833,0.0975,C2,word_pos,greffe,N,greffe,NOM
huo,X,C2,crf_first_attested,6.4938,0.0158,0.0,0.0,0.0,0.0,0.0,6.4938,0.0158,,,,,,,,,crf_only,huo,X,,
hydrate,NOUN,C2,beacco,6.4938,0.0158,0.0,0.0,0.0,0.0,0.0,6.4938,0.0158,0.0,0.0,0.0,0.0,0.0,12.833,0.0975,C2,word_pos,hydrate,N,hydrate,NOM
incompréhension,NOUN,C2,beacco,6.4938,0.0158,0.0,0.0,0.0,0.0,0.0,6.4938,0.0158,0.0,0.0,0.0,0.0,0.0,12.833,0.0975,C2,word_pos,incompréhension,N,incompréhension,NOM
indissociable,ADJ,C2,beacco,6.4938,0.0158,0.0,0.0,0.0,0.0,0.0,6.4938,0.0158,0.0,0.0,0.0,0.0,0.0,12.833,0.0975,C2,word_pos,indissociable,A,indissociable,ADJ
inflationniste,ADJ,C2,beacco,6.4938,0.0158,0.0,0.0,0.0,0.0,0.0,6.4938,0.0158,0.0,0.0,0.0,0.0,0.0,12.833,0.0975,C2,word_pos,inflationniste,A,inflationniste,ADJ
journaliste - écrivain,NOUN,C2,crf_first_attested,6.4938,0.0158,0.0,0.0,0.0,0.0,0.0,6.4938,0.0158,,,,,,,,,crf_only,journaliste - écrivain,N,,
kw,NOUN,C2,crf_first_attested,6.4938,0.0158,0.0,0.0,0.0,0.0,0.0,6.4938,0.0158,,,,,,,,,crf_only,kw,N,,
liposuccion,NOUN,C2,crf_first_attested,6.4938,0.0158,0.0,0.0,0.0,0.0,0.0,6.4938,0.0158,,,,,,,,,crf_only,liposuccion,N,,
législature,NOUN,C2,beacco,6.4938,0.0158,0.0,0.0,0.0,0.0,0.0,6.4938,0.0158,0.0,0.0,0.0,0.0,0.0,12.833,0.0975,C2,word_pos,législature,N,législature,NOM
madrilène,ADJ,C2,beacco,6.4938,0.0158,0.0,0.0,0.0,0.0,0.0,6.4938,0.0158,0.0,0.0,0.0,0.0,0.0,12.833,0.0975,C2,word_pos,madrilène,A,madrilène,ADJ
maquereau,NOUN,C2,beacco,6.4938,0.0158,0.0,0.0,0.0,0.0,0.0,6.4938,0.0158,0.0,0.0,0.0,0.0,0.0,12.833,0.0975,C2,word_pos,maquereau,N,maquereau,NOM
mi - juin,NOUN,C2,crf_first_attested,6.4938,0.0158,0.0,0.0,0.0,0.0,0.0,6.4938,0.0158,,,,,,,,,crf_only,mi - juin,N,,
modérateur,NOUN,C2,beacco,6.4938,0.0158,0.0,0.0,0.0,0.0,0.0,6.4938,0.0158,0.0,0.0,0.0,0.0,0.0,12.833,0.0975,C2,word_pos,modérateur,N,modérateur,NOM
nourricier,ADJ,C2,beacco,6.4938,0.0158,0.0,0.0,0.0,0.0,0.0,6.4938,0.0158,0.0,0.0,0.0,0.0,0.0,12.833,0.0975,C2,word_pos,nourricier,A,nourricier,ADJ
obstruction,NOUN,C2,beacco,6.4938,0.0158,0.0,0.0,0.0,0.0,0.0,6.4938,0.0158,0.0,0.0,0.0,0.0,0.0,12.833,0.0975,C2,word_pos,obstruction,N,obstruction,NOM
oligo - éléments,NOUN,C2,crf_first_attested,6.4938,0.0158,0.0,0.0,0.0,0.0,0.0,6.4938,0.0158,,,,,,,,,crf_only,oligo - éléments,N,,
paramédical,ADJ,C2,beacco,6.4938,0.0158,0.0,0.0,0.0,0.0,0.0,6.4938,0.0158,0.0,0.0,0.0,0.0,0.0,12.833,0.0975,C2,word_pos,paramédical,A,paramédical,ADJ
pharmacologie,NOUN,C2,beacco,6.4938,0.0158,0.0,0.0,0.0,0.0,0.0,6.4938,0.0158,0.0,0.0,0.0,0.0,0.0,12.833,0.0975,C2,word_pos,pharmacologie,N,pharmacologie,NOM
phonologique,ADJ,C2,beacco,6.4938,0.0158,0.0,0.0,0.0,0.0,0.0,6.4938,0.0158,0.0,0.0,0.0,0.0,0.0,12.833,0.0975,C2,word_pos,phonologique,A,phonologique,ADJ
plafonner,VERB,C2,beacco,6.4938,0.0158,0.0,0.0,0.0,0.0,0.0,6.4938,0.0158,0.0,0.0,0.0,0.0,0.0,12.833,0.0975,C2,word_pos,plafonner,V,plafonner,VER
puissamment,ADV,C2,beacco,6.4938,0.0158,0.0,0.0,0.0,0.0,0.0,6.4938,0.0158,0.0,0.0,0.0,0.0,0.0,12.833,0.0975,C2,word_pos,puissamment,ADV,puissamment,ADV
pétulant,ADJ,C2,beacco,6.4938,0.0158,0.0,0.0,0.0,0.0,0.0,6.4938,0.0158,0.0,0.0,0.0,0.0,0.0,12.833,0.0975,C2,word_pos,pétulant,A,pétulant,ADJ
quelle que,CONJ,C2,crf_first_attested,6.4938,0.0158,0.0,0.0,0.0,0.0,0.0,6.4938,0.0158,,,,,,,,,crf_only,quelle que,CONJS,,
rhumatologie,NOUN,C2,beacco,6.4938,0.0158,0.0,0.0,0.0,0.0,0.0,6.4938,0.0158,0.0,0.0,0.0,0.0,0.0,12.833,0.0975,C2,word_pos,rhumatologie,N,rhumatologie,NOM
scanner,VERB,C2,beacco,6.4938,0.0158,0.0,0.0,0.0,0.0,0.0,6.4938,0.0158,0.0,0.0,0.0,0.0,0.0,12.833,0.0975,C2,word_pos,scanner,V,scanner,VER
scintigraphie,NOUN,C2,beacco,6.4938,0.0158,0.0,0.0,0.0,0.0,0.0,6.4938,0.0158,0.0,0.0,0.0,0.0,0.0,12.833,0.0975,C2,word_pos,scintigraphie,N,scintigraphie,NOM
sidérurgique,ADJ,C2,beacco,6.4938,0.0158,0.0,0.0,0.0,0.0,0.0,6.4938,0.0158,0.0,0.0,0.0,0.0,0.0,12.833,0.0975,C2,word_pos,sidérurgique,A,sidérurgique,ADJ
singulariser,VERB,C2,beacco,6.4938,0.0158,0.0,0.0,0.0,0.0,0.0,6.4938,0.0158,0.0,0.0,0.0,0.0,0.0,12.833,0.0975,C2,word_pos,singulariser,V,singulariser,VER
sur pied,PREP,C2,crf_first_attested,6.4938,0.0158,0.0,0.0,0.0,0.0,0.0,6.4938,0.0158,,,,,,,,,crf_only,sur pied,PREP,,
thon,NOUN,C2,beacco,6.4938,0.0158,0.0,0.0,0.0,0.0,0.0,6.4938,0.0158,0.0,0.0,0.0,0.0,0.0,12.833,0.0975,C2,word_pos,thon,N,thon,NOM
thrombose,NOUN,C2,beacco,6.4938,0.0158,0.0,0.0,0.0,0.0,0.0,6.4938,0.0158,0.0,0.0,0.0,0.0,0.0,12.833,0.0975,C2,word_pos,thrombose,N,thrombose,NOM
touiller,VERB,C2,beacco,6.4938,0.0158,0.0,0.0,0.0,0.0,0.0,6.4938,0.0158,0.0,0.0,0.0,0.0,0.0,12.833,0.0975,C2,word_pos,touiller,V,touiller,VER
térawatts,NOUN,C2,crf_first_attested,6.4938,0.0158,0.0,0.0,0.0,0.0,0.0,6.4938,0.0158,,,,,,,,,crf_only,térawatts,N,,
urine,NOUN,C2,beacco,6.4938,0.0158,0.0,0.0,0.0,0.0,0.0,6.4938,0.0158,0.0,0.0,0.0,0.0,0.0,12.833,0.0975,C2,word_pos,urine,N,urine,NOM
voiler,VERB,C2,beacco,6.4938,0.0158,0.0,0.0,0.0,0.0,0.0,6.4938,0.0158,0.0,0.0,0.0,0.0,0.0,12.833,0.0975,C2,word_pos,voiler,V,voiler,VER
éclaircissement,NOUN,C2,beacco,6.4938,0.0158,0.0,0.0,0.0,0.0,0.0,6.4938,0.0158,0.0,0.0,0.0,0.0,0.0,12.833,0.0975,C2,word_pos,éclaircissement,N,éclaircissement,NOM
éjecter,VERB,C2,beacco,6.4938,0.0158,0.0,0.0,0.0,0.0,0.0,6.4938,0.0158,0.0,0.0,0.0,0.0,0.0,12.833,0.0975,C2,word_pos,éjecter,V,éjecter,VER
électoraliste,ADJ,C2,beacco,6.4938,0.0158,0.0,0.0,0.0,0.0,0.0,6.4938,0.0158,0.0,0.0,0.0,0.0,0.0,12.833,0.0975,C2,unique_word,électoraliste,A,électoraliste,NOM
élitisme,NOUN,C2,beacco,6.4938,0.0158,0.0,0.0,0.0,0.0,0.0,6.4938,0.0158,0.0,0.0,0.0,0.0,0.0,12.833,0.0975,C2,word_pos,élitisme,N,élitisme,NOM
érudit,NOUN,C2,beacco,6.4938,0.0158,0.0,0.0,0.0,0.0,0.0,6.4938,0.0158,0.0,0.0,0.0,0.0,0.0,12.833,0.0975,C2,word_pos,érudit,N,érudit,NOM
assertif,ADJ,C2,beacco,6.176,0.0998,0.0,0.0,0.0,0.0,0.0,6.176,0.0998,0.0,0.0,0.0,0.0,0.0,4.0185,0.0657,C2,word_pos,assertif,A,assertif,ADJ
confit,ADJ,C2,beacco,6.176,0.0998,0.0,0.0,0.0,0.0,0.0,6.176,0.0998,0.0,0.0,0.0,0.0,0.0,4.0185,0.0657,C2,word_pos,confit,A,confit,ADJ
didacticien,NOUN,C2,beacco,6.176,0.0998,0.0,0.0,0.0,0.0,0.0,6.176,0.0998,0.0,0.0,0.0,0.0,0.0,4.0185,0.0657,C2,word_pos,didacticien,N,didacticien,NOM
doctoral,ADJ,C2,beacco,6.176,0.0998,0.0,0.0,0.0,0.0,0.0,6.176,0.0998,0.0,0.0,0.0,0.0,0.0,4.0185,0.0657,C2,word_pos,doctoral,A,doctoral,ADJ
fausseté,NOUN,C2,beacco,6.176,0.0998,0.0,0.0,0.0,0.0,0.0,6.176,0.0998,0.0,0.0,0.0,0.0,0.0,4.0185,0.0657,C2,word_pos,fausseté,N,fausseté,NOM
imaginatif,ADJ,C2,beacco,6.176,0.0998,0.0,0.0,0.0,0.0,0.0,6.176,0.0998,0.0,0.0,0.0,0.0,0.0,4.0185,0.0657,C2,word_pos,imaginatif,A,imaginatif,ADJ
indécis,ADJ,C2,beacco,6.176,0.0998,0.0,0.0,0.0,0.0,0.0,6.176,0.0998,0.0,0.0,0.0,0.0,0.0,4.0185,0.0657,C2,word_pos,indécis,A,indécis,ADJ
inexact,ADJ,C2,beacco,6.176,0.0998,0.0,0.0,0.0,0.0,0.0,6.176,0.0998,0.0,0.0,0.0,0.0,0.0,4.0185,0.0657,C2,word_pos,inexact,A,inexact,ADJ
paille,ADJ,C2,crf_first_attested,6.176,0.0998,0.0,0.0,0.0,0.0,0.0,6.176,0.0998,,,,,,,,,crf_only,paille,A,,
persistant,ADJ,C2,beacco,6.176,0.0998,0.0,0.0,0.0,0.0,0.0,6.176,0.0998,0.0,0.0,0.0,0.0,0.0,4.0185,0.0657,C2,word_pos,persistant,A,persistant,ADJ
pollinisateur,ADJ,C2,beacco,6.176,0.0998,0.0,0.0,0.0,0.0,0.0,6.176,0.0998,0.0,0.0,0.0,0.0,0.0,16.0739,0.263,C2,word_pos,pollinisateur,A,pollinisateur,ADJ
projectif,ADJ,C2,beacco,6.176,0.0998,0.0,0.0,0.0,0.0,0.0,6.176,0.0998,0.0,0.0,0.0,0.0,0.0,4.0185,0.0657,C2,word_pos,projectif,A,projectif,ADJ
prémisse,NOUN,C2,beacco,6.176,0.0998,0.0,0.0,0.0,0.0,0.0,6.176,0.0998,0.0,0.0,0.0,0.0,0.0,4.0185,0.0657,C2,word_pos,prémisse,N,prémisse,NOM
rondeur,NOUN,C2,beacco,6.176,0.0998,0.0,0.0,0.0,0.0,0.0,6.176,0.0998,0.0,0.0,0.0,0.0,0.0,4.0185,0.0657,C2,word_pos,rondeur,N,rondeur,NOM
référentiel tout,ADJ,C2,crf_first_attested,6.176,0.0998,0.0,0.0,0.0,0.0,0.0,6.176,0.0998,,,,,,,,,crf_only,référentiel tout,A,,
sémantique,ADJ,C2,beacco,6.176,0.0998,0.0,0.0,0.0,0.0,0.0,6.176,0.0998,0.0,0.0,0.0,0.0,0.0,4.0185,0.0657,C2,word_pos,sémantique,A,sémantique,ADJ
verboculturels,ADJ,C2,crf_first_attested,6.176,0.0998,0.0,0.0,0.0,0.0,0.0,6.176,0.0998,,,,,,,,,crf_only,verboculturels,A,,
sillage,NOUN,C2,beacco,4.1173,0.4592,0.0,0.0,0.0,0.0,3.1012,4.1173,0.4592,0.0,0.0,0.0,0.0,0.0,4.0185,0.0657,C2,word_pos,sillage,N,sillage,NOM
aimée,NOUN,C2,crf_first_attested,4.1173,0.0665,0.0,0.0,0.0,0.0,0.0,4.1173,0.0665,,,,,,,,,crf_only,aimée,N,,
aldéhydé,ADJ,C2,beacco,4.1173,0.0665,0.0,0.0,0.0,0.0,0.0,4.1173,0.0665,0.0,0.0,0.0,0.0,0.0,4.0185,0.0657,C2,word_pos,aldéhydé,A,aldéhydé,ADJ
anophèle,NOUN,C2,beacco,4.1173,0.0665,0.0,0.0,0.0,0.0,0.0,4.1173,0.0665,0.0,0.0,0.0,0.0,0.0,4.0185,0.0657,C2,word_pos,anophèle,N,anophèle,NOM
avare,ADJ,C2,beacco,4.1173,0.0665,0.0,0.0,0.0,0.0,0.0,4.1173,0.0665,0.0,0.0,0.0,0.0,0.0,4.0185,0.0657,C2,word_pos,avare,A,avare,ADJ
cassis,NOUN,C2,beacco,4.1173,0.0665,0.0,0.0,0.0,0.0,0.0,4.1173,0.0665,0.0,0.0,0.0,0.0,0.0,4.0185,0.0657,C2,word_pos,cassis,N,cassis,NOM
chèvrefeuille,NOUN,C2,beacco,4.1173,0.0665,0.0,0.0,0.0,0.0,0.0,4.1173,0.0665,0.0,0.0,0.0,0.0,0.0,4.0185,0.0657,C2,word_pos,chèvrefeuille,N,chèvrefeuille,NOM
circuiter,VERB,C2,crf_first_attested,4.1173,0.0665,0.0,0.0,0.0,0.0,0.0,4.1173,0.0665,,,,,,,,,crf_only,circuiter,V,,
collet,NOUN,C2,beacco,4.1173,0.0665,0.0,0.0,0.0,0.0,0.0,4.1173,0.0665,0.0,0.0,0.0,0.0,0.0,4.0185,0.0657,C2,word_pos,collet,N,collet,NOM
composé,ADJ,C2,crf_first_attested,4.1173,0.0665,0.0,0.0,0.0,0.0,0.0,4.1173,0.0665,,,,,,,,,crf_only,composé,A,,
consortium,NOUN,C2,beacco,4.1173,0.0665,0.0,0.0,0.0,0.0,0.0,4.1173,0.0665,0.0,0.0,0.0,0.0,0.0,4.0185,0.0657,C2,word_pos,consortium,N,consortium,NOM
consortium,X,C2,crf_first_attested,4.1173,0.0665,0.0,0.0,0.0,0.0,0.0,4.1173,0.0665,,,,,,,,,crf_only,consortium,X,,
daim,NOUN,C2,beacco,4.1173,0.0665,0.0,0.0,0.0,0.0,0.0,4.1173,0.0665,0.0,0.0,0.0,0.0,0.0,4.0185,0.0657,C2,word_pos,daim,N,daim,NOM
encens,NOUN,C2,beacco,4.1173,0.0665,0.0,0.0,0.0,0.0,0.0,4.1173,0.0665,0.0,0.0,0.0,0.0,0.0,4.0185,0.0657,C2,word_pos,encens,N,encens,NOM
espèce,X,C2,crf_first_attested,4.1173,0.0665,0.0,0.0,0.0,0.0,0.0,4.1173,0.0665,,,,,,,,,crf_only,espèce,X,,
fausser,VERB,C2,beacco,4.1173,0.0665,0.0,0.0,0.0,0.0,0.0,4.1173,0.0665,0.0,0.0,0.0,0.0,0.0,4.0185,0.0657,C2,word_pos,fausser,V,fausser,VER
frangipanier,NOUN,C2,beacco,4.1173,0.0665,0.0,0.0,0.0,0.0,0.0,4.1173,0.0665,0.0,0.0,0.0,0.0,0.0,4.0185,0.0657,C2,word_pos,frangipanier,N,frangipanier,NOM
fugace,ADJ,C2,beacco,4.1173,0.0665,0.0,0.0,0.0,0.0,0.0,4.1173,0.0665,0.0,0.0,0.0,0.0,0.0,4.0185,0.0657,C2,word_pos,fugace,A,fugace,ADJ
gardénia,NOUN,C2,beacco,4.1173,0.0665,0.0,0.0,0.0,0.0,0.0,4.1173,0.0665,0.0,0.0,0.0,0.0,0.0,4.0185,0.0657,C2,word_pos,gardénia,N,gardénia,NOM
genome,X,C2,crf_first_attested,4.1173,0.0665,0.0,0.0,0.0,0.0,0.0,4.1173,0.0665,,,,,,,,,crf_only,genome,X,,
hespéridé,NOUN,C2,crf_first_attested,4.1173,0.0665,0.0,0.0,0.0,0.0,0.0,4.1173,0.0665,,,,,,,,,crf_only,hespéridé,N,,
historiographique,ADJ,C2,beacco,4.1173,0.0665,0.0,0.0,0.0,0.0,0.0,4.1173,0.0665,0.0,0.0,0.0,0.0,0.0,4.0185,0.0657,C2,word_pos,historiographique,A,historiographique,ADJ
honeybee,X,C2,crf_first_attested,4.1173,0.0665,0.0,0.0,0.0,0.0,0.0,4.1173,0.0665,,,,,,,,,crf_only,honeybee,X,,
i,NOUN,C2,crf_first_attested,4.1173,0.0665,0.0,0.0,0.0,0.0,0.0,4.1173,0.0665,,,,,,,,,crf_only,i,N,,
imitateur,NOUN,C2,beacco,4.1173,0.0665,0.0,0.0,0.0,0.0,0.0,4.1173,0.0665,0.0,0.0,0.0,0.0,0.0,4.0185,0.0657,C2,word_pos,imitateur,N,imitateur,NOM
imitation,NOUN,C2,beacco,4.1173,0.0665,0.0,0.0,0.0,0.0,0.0,4.1173,0.0665,0.0,0.0,0.0,0.0,0.0,4.0185,0.0657,C2,word_pos,imitation,N,imitation,NOM
immortelle,NOUN,C2,crf_first_attested,4.1173,0.0665,0.0,0.0,0.0,0.0,0.0,4.1173,0.0665,,,,,,,,,crf_only,immortelle,N,,
jacinthe,NOUN,C2,beacco,4.1173,0.0665,0.0,0.0,0.0,0.0,0.0,4.1173,0.0665,0.0,0.0,0.0,0.0,0.0,4.0185,0.0657,C2,word_pos,jacinthe,N,jacinthe,NOM
litho,NOUN,C2,beacco,4.1173,0.0665,0.0,0.0,0.0,0.0,0.0,4.1173,0.0665,0.0,0.0,0.0,0.0,0.0,4.0185,0.0657,C2,word_pos,litho,N,litho,NOM
mimèsis,NOUN,C2,crf_first_attested,4.1173,0.0665,0.0,0.0,0.0,0.0,0.0,4.1173,0.0665,,,,,,,,,crf_only,mimèsis,N,,
musc,NOUN,C2,beacco,4.1173,0.0665,0.0,0.0,0.0,0.0,0.0,4.1173,0.0665,0.0,0.0,0.0,0.0,0.0,4.0185,0.0657,C2,word_pos,musc,N,musc,NOM
musquer,VERB,C2,crf_first_attested,4.1173,0.0665,0.0,0.0,0.0,0.0,0.0,4.1173,0.0665,,,,,,,,,crf_only,musquer,V,,
myrrhe,NOUN,C2,beacco,4.1173,0.0665,0.0,0.0,0.0,0.0,0.0,4.1173,0.0665,0.0,0.0,0.0,0.0,0.0,4.0185,0.0657,C2,word_pos,myrrhe,N,myrrhe,NOM
naturalité,NOUN,C2,beacco,4.1173,0.0665,0.0,0.0,0.0,0.0,0.0,4.1173,0.0665,0.0,0.0,0.0,0.0,0.0,4.0185,0.0657,C2,word_pos,naturalité,N,naturalité,NOM
olfactif,ADJ,C2,beacco,4.1173,0.0665,0.0,0.0,0.0,0.0,0.0,4.1173,0.0665,0.0,0.0,0.0,0.0,0.0,4.0185,0.0657,C2,word_pos,olfactif,A,olfactif,ADJ
ontologie,NOUN,C2,beacco,4.1173,0.0665,0.0,0.0,0.0,0.0,0.0,4.1173,0.0665,0.0,0.0,0.0,0.0,0.0,4.0185,0.0657,C2,word_pos,ontologie,N,ontologie,NOM
oranger,NOUN,C2,beacco,4.1173,0.0665,0.0,0.0,0.0,0.0,0.0,4.1173,0.0665,0.0,0.0,0.0,0.0,0.0,4.0185,0.0657,C2,unique_word,oranger,N,oranger,VER
overdose,NOUN,C2,beacco,4.1173,0.0665,0.0,0.0,0.0,0.0,0.0,4.1173,0.0665,0.0,0.0,0.0,0.0,0.0,4.0185,0.0657,C2,word_pos,overdose,N,overdose,NOM
oxymore,NOUN,C2,crf_first_attested,4.1173,0.0665,0.0,0.0,0.0,0.0,0.0,4.1173,0.0665,,,,,,,,,crf_only,oxymore,N,,
plurivoque,ADJ,C2,beacco,4.1173,0.0665,0.0,0.0,0.0,0.0,0.0,4.1173,0.0665,0.0,0.0,0.0,0.0,0.0,4.0185,0.0657,C2,word_pos,plurivoque,A,plurivoque,ADJ
poudré,NOUN,C2,crf_first_attested,4.1173,0.0665,0.0,0.0,0.0,0.0,0.0,4.1173,0.0665,,,,,,,,,crf_only,poudré,N,,
poétique,NOUN,C2,beacco,4.1173,0.0665,0.0,0.0,0.0,0.0,0.0,4.1173,0.0665,0.0,0.0,0.0,0.0,0.0,4.0185,0.0657,C2,word_pos,poétique,N,poétique,NOM
prégnance,NOUN,C2,beacco,4.1173,0.0665,0.0,0.0,0.0,0.0,0.0,4.1173,0.0665,0.0,0.0,0.0,0.0,0.0,4.0185,0.0657,C2,word_pos,prégnance,N,prégnance,NOM
pérenniser,VERB,C2,beacco,4.1173,0.0665,0.0,0.0,0.0,0.0,0.0,4.1173,0.0665,0.0,0.0,0.0,0.0,0.0,4.0185,0.0657,C2,word_pos,pérenniser,V,pérenniser,VER
ruche,NOUN,C2,beacco,4.1173,0.0665,0.0,0.0,0.0,0.0,0.0,4.1173,0.0665,0.0,0.0,0.0,0.0,0.0,4.0185,0.0657,C2,word_pos,ruche,N,ruche,NOM
régale,ADJ,C2,crf_first_attested,4.1173,0.0665,0.0,0.0,0.0,0.0,0.0,4.1173,0.0665,,,,,,,,,crf_only,régale,A,,
santal,NOUN,C2,beacco,4.1173,0.0665,0.0,0.0,0.0,0.0,0.0,4.1173,0.0665,0.0,0.0,0.0,0.0,0.0,4.0185,0.0657,C2,word_pos,santal,N,santal,NOM
tahitien,ADJ,C2,beacco,4.1173,0.0665,0.0,0.0,0.0,0.0,0.0,4.1173,0.0665,0.0,0.0,0.0,0.0,0.0,4.0185,0.0657,C2,word_pos,tahitien,A,tahitien,ADJ
trompeur,ADJ,C2,beacco,4.1173,0.0665,0.0,0.0,0.0,0.0,0.0,4.1173,0.0665,0.0,0.0,0.0,0.0,0.0,4.0185,0.0657,C2,word_pos,trompeur,A,trompeur,ADJ
violette,NOUN,C2,crf_first_attested,4.1173,0.0665,0.0,0.0,0.0,0.0,0.0,4.1173,0.0665,,,,,,,,,crf_only,violette,N,,
élaboré,ADJ,C2,crf_first_attested,4.1173,0.0665,0.0,0.0,0.0,0.0,0.0,4.1173,0.0665,,,,,,,,,crf_only,élaboré,A,,
évocateur,ADJ,C2,beacco,4.1173,0.0665,0.0,0.0,0.0,0.0,0.0,4.1173,0.0665,0.0,0.0,0.0,0.0,0.0,4.0185,0.0657,C2,word_pos,évocateur,A,évocateur,ADJ
circonstancier,VERB,C2,beacco,4.0185,0.0657,,,,,,,,0.0,0.0,0.0,0.0,0.0,4.0185,0.0657,C2,beacco_only,,,circonstancier,VER
court-circuiter,VERB,C2,beacco,4.0185,0.0657,,,,,,,,0.0,0.0,0.0,0.0,0.0,4.0185,0.0657,C2,beacco_only,,,court-circuiter,VER
mandarine,NOUN,C2,beacco,4.0185,0.0657,,,,,,,,0.0,0.0,0.0,0.0,0.0,4.0185,0.0657,C2,beacco_only,,,mandarine,NOM
multiple,NOUN,C2,beacco,4.0185,0.0657,,,,,,,,0.0,0.0,0.0,0.0,0.0,4.0185,0.0657,C2,beacco_only,,,multiple,NOM
musqué,ADJ,C2,beacco,4.0185,0.0657,,,,,,,,0.0,0.0,0.0,0.0,0.0,4.0185,0.0657,C2,beacco_only,,,musqué,ADJ
sous-espèce,NOUN,C2,beacco,4.0185,0.0657,,,,,,,,0.0,0.0,0.0,0.0,0.0,4.0185,0.0657,C2,beacco_only,,,sous-espèce,NOM
lettrer,VERB,C2,beacco,2.0587,0.312,0.0,0.0,0.0,0.6707,0.0,2.0587,0.312,0.0,0.0,0.0,0.0,0.0,4.0185,0.0657,C2,word_pos,lettrer,V,lettrer,VER
circonstancié,ADJ,C2,crf_first_attested,2.0587,0.0333,0.0,0.0,0.0,0.0,0.0,2.0587,0.0333,,,,,,,,,crf_only,circonstancié,A,,
cogito,NOUN,C2,beacco,2.0587,0.0333,0.0,0.0,0.0,0.0,0.0,2.0587,0.0333,0.0,0.0,0.0,0.0,0.0,4.0185,0.0657,C2,word_pos,cogito,N,cogito,NOM
composant,ADJ,C2,beacco,2.0587,0.0333,0.0,0.0,0.0,0.0,0.0,2.0587,0.0333,0.0,0.0,0.0,0.0,0.0,4.0185,0.0657,C2,word_pos,composant,A,composant,ADJ
contrefactuelles,ADJ,C2,crf_first_attested,2.0587,0.0333,0.0,0.0,0.0,0.0,0.0,2.0587,0.0333,,,,,,,,,crf_only,contrefactuelles,A,,
doît,VERB,C2,crf_first_attested,2.0587,0.0333,0.0,0.0,0.0,0.0,0.0,2.0587,0.0333,,,,,,,,,crf_only,doît,V,,
défiger,VERB,C2,beacco,2.0587,0.0333,0.0,0.0,0.0,0.0,0.0,2.0587,0.0333,0.0,0.0,0.0,0.0,0.0,4.0185,0.0657,C2,word_pos,défiger,V,défiger,VER
en erreur,ADV,C2,crf_first_attested,2.0587,0.0333,0.0,0.0,0.0,0.0,0.0,2.0587,0.0333,,,,,,,,,crf_only,en erreur,ADV,,
enfantin,ADJ,C2,beacco,2.0587,0.0333,0.0,0.0,0.0,0.0,0.0,2.0587,0.0333,0.0,0.0,0.0,0.0,0.0,4.0185,0.0657,C2,word_pos,enfantin,A,enfantin,ADJ
entité,NOUN,C2,beacco,2.0587,0.0333,0.0,0.0,0.0,0.0,0.0,2.0587,0.0333,0.0,0.0,0.0,0.0,0.0,4.0185,0.0657,C2,word_pos,entité,N,entité,NOM
facility,X,C2,crf_first_attested,2.0587,0.0333,0.0,0.0,0.0,0.0,0.0,2.0587,0.0333,,,,,,,,,crf_only,facility,X,,
feintise,NOUN,C2,beacco,2.0587,0.0333,0.0,0.0,0.0,0.0,0.0,2.0587,0.0333,0.0,0.0,0.0,0.0,0.0,4.0185,0.0657,C2,word_pos,feintise,N,feintise,NOM
homophonie,NOUN,C2,beacco,2.0587,0.0333,0.0,0.0,0.0,0.0,0.0,2.0587,0.0333,0.0,0.0,0.0,0.0,0.0,4.0185,0.0657,C2,word_pos,homophonie,N,homophonie,NOM
implicite,ADJ,C2,beacco,2.0587,0.0333,0.0,0.0,0.0,0.0,0.0,2.0587,0.0333,0.0,0.0,0.0,0.0,0.0,4.0185,0.0657,C2,word_pos,implicite,A,implicite,ADJ
instigateur,NOUN,C2,beacco,2.0587,0.0333,0.0,0.0,0.0,0.0,0.0,2.0587,0.0333,0.0,0.0,0.0,0.0,0.0,4.0185,0.0657,C2,word_pos,instigateur,N,instigateur,NOM
observable,ADJ,C2,beacco,2.0587,0.0333,0.0,0.0,0.0,0.0,0.0,2.0587,0.0333,0.0,0.0,0.0,0.0,0.0,4.0185,0.0657,C2,word_pos,observable,A,observable,ADJ
pollen,NOUN,C2,beacco,2.0587,0.0333,0.0,0.0,0.0,0.0,0.0,2.0587,0.0333,0.0,0.0,0.0,0.0,0.0,4.0185,0.0657,C2,word_pos,pollen,N,pollen,NOM
pollinisateur,NOUN,C2,crf_first_attested,2.0587,0.0333,0.0,0.0,0.0,0.0,0.0,2.0587,0.0333,,,,,,,,,crf_only,pollinisateur,N,,
présupposé,NOUN,C2,beacco,2.0587,0.0333,0.0,0.0,0.0,0.0,0.0,2.0587,0.0333,0.0,0.0,0.0,0.0,0.0,4.0185,0.0657,C2,word_pos,présupposé,N,présupposé,NOM
royal,X,C2,crf_first_attested,2.0587,0.0333,0.0,0.0,0.0,0.0,0.0,2.0587,0.0333,,,,,,,,,crf_only,royal,X,,
subordonner,VERB,C2,beacco,2.0587,0.0333,0.0,0.0,0.0,0.0,0.0,2.0587,0.0333,0.0,0.0,0.0,0.0,0.0,4.0185,0.0657,C2,word_pos,subordonner,V,subordonner,VER
vitae,X,C2,crf_first_attested,2.0587,0.0333,0.0,0.0,0.0,0.0,0.0,2.0587,0.0333,,,,,,,,,crf_only,vitae,X,,
à savoir,CONJ,C2,crf_first_attested,2.0587,0.0333,0.0,0.0,0.0,0.0,0.0,2.0587,0.0333,,,,,,,,,crf_only,à savoir,CONJC,,
équivalence,NOUN,C2,beacco,2.0587,0.0333,0.0,0.0,0.0,0.0,0.0,2.0587,0.0333,0.0,0.0,0.0,0.0,0.0,4.0185,0.0657,C2,word_pos,équivalence,N,équivalence,NOM
